"0","dataStr()
"
"2","AllstarFull:  data.frame
"
"1","'data.frame':	"
"1",""
"1","5148"
"1",""
"1"," obs. of  "
"1",""
"1","8"
"1",""
"1"," variable"
"1",""
"1","s"
"1",""
"1",":"
"1",""
"1","
"
"1"," "
"1",""
"1","$ "
"1",""
"1","playerID   "
"1",""
"1",":"
"1"," chr  "
"1",""
"1","""gomezle01"" ""ferreri01"" ""gehrilo01"" ""gehrich01"""
"1",""
"1"," ..."
"1",""
"1","
"
"1"," "
"1",""
"1","$ "
"1",""
"1","yearID     "
"1",""
"1",":"
"1"," int  "
"1",""
"1","1933 1933 1933 1933 1933 1933 1933 1933 1933 1933"
"1",""
"1"," ..."
"1",""
"1","
"
"1"," "
"1",""
"1","$ "
"1",""
"1","gameNum    "
"1",""
"1",":"
"1"," int  "
"1",""
"1","0 0 0 0 0 0 0 0 0 0"
"1",""
"1"," ..."
"1",""
"1","
"
"1"," "
"1",""
"1","$ "
"1",""
"1","gameID     "
"1",""
"1",":"
"1"," chr  "
"1",""
"1","""ALS193307060"" ""ALS193307060"" ""ALS193307060"" ""ALS193307060"""
"1",""
"1"," ..."
"1",""
"1","
"
"1"," "
"1",""
"1","$ "
"1",""
"1","teamID     "
"1",""
"1",":"
"1"," Factor w/ 45 levels ""ANA"",""ARI"",""ATL"",..: "
"1",""
"1","28 5 28 14 9 44 28 9 28 12"
"1",""
"1"," ..."
"1",""
"1","
"
"1"," "
"1",""
"1","$ "
"1",""
"1","lgID       "
"1",""
"1",":"
"1"," Factor w/ 2 levels ""AL"",""NL"": "
"1",""
"1","1 1 1 1 1 1 1 1 1 1"
"1",""
"1"," ..."
"1",""
"1","
"
"1"," "
"1",""
"1","$ "
"1",""
"1","GP         "
"1",""
"1",":"
"1"," int  "
"1",""
"1","1 1 1 1 1 1 1 1 1 1"
"1",""
"1"," ..."
"1",""
"1","
"
"1"," "
"1",""
"1","$ "
"1",""
"1","startingPos"
"1",""
"1",":"
"1"," int  "
"1",""
"1","1 2 3 4 5 6 7 8 9 NA"
"1",""
"1"," ..."
"1",""
"1","
"
"2","
"
"2","Appearances:  data.frame
"
"1","'data.frame':	"
"1",""
"1","102761"
"1",""
"1"," obs. of  "
"1",""
"1","21"
"1",""
"1"," variable"
"1",""
"1","s"
"1",""
"1",":"
"1",""
"1","
"
"1"," "
"1",""
"1","$ "
"1",""
"1","yearID   "
"1",""
"1",":"
"1"," int  "
"1",""
"1","1871 1871 1871 1871 1871 1871 1871 1871 1871 1871"
"1",""
"1"," ..."
"1",""
"1","
"
"1"," "
"1",""
"1","$ "
"1",""
"1","teamID   "
"1",""
"1",":"
"1"," Factor w/ 149 levels ""ALT"",""ANA"",""ARI"",..: "
"1",""
"1","136 111 39 142 111 56 111 24 56 24"
"1",""
"1"," ..."
"1",""
"1","
"
"1"," "
"1",""
"1","$ "
"1",""
"1","lgID     "
"1",""
"1",":"
"1"," Factor w/ 7 levels ""AA"",""AL"",""FL"",..: "
"1",""
"1","4 4 4 4 4 4 4 4 4 4"
"1",""
"1"," ..."
"1",""
"1","
"
"1"," "
"1",""
"1","$ "
"1",""
"1","playerID "
"1",""
"1",":"
"1"," chr  "
"1",""
"1","""abercda01"" ""addybo01"" ""allisar01"" ""allisdo01"""
"1",""
"1"," ..."
"1",""
"1","
"
"1"," "
"1",""
"1","$ "
"1",""
"1","G_all    "
"1",""
"1",":"
"1"," int  "
"1",""
"1","1 25 29 27 25 12 1 31 1 18"
"1",""
"1"," ..."
"1",""
"1","
"
"1"," "
"1",""
"1","$ "
"1",""
"1","GS       "
"1",""
"1",":"
"1"," int  "
"1",""
"1","NA NA NA NA NA NA NA NA NA NA"
"1",""
"1"," ..."
"1",""
"1","
"
"1"," "
"1",""
"1","$ "
"1",""
"1","G_batting"
"1",""
"1",":"
"1"," int  "
"1",""
"1","1 25 29 27 25 12 1 31 1 18"
"1",""
"1"," ..."
"1",""
"1","
"
"1"," "
"1",""
"1","$ "
"1",""
"1","G_defense"
"1",""
"1",":"
"1"," int  "
"1",""
"1","1 25 29 27 25 12 1 31 1 18"
"1",""
"1"," ..."
"1",""
"1","
"
"1"," "
"1",""
"1","$ "
"1",""
"1","G_p      "
"1",""
"1",":"
"1"," int  "
"1",""
"1","0 0 0 0 0 0 0 0 0 0"
"1",""
"1"," ..."
"1",""
"1","
"
"1"," "
"1",""
"1","$ "
"1",""
"1","G_c      "
"1",""
"1",":"
"1"," int  "
"1",""
"1","0 0 0 27 5 0 0 0 1 0"
"1",""
"1"," ..."
"1",""
"1","
"
"1"," "
"1",""
"1","$ "
"1",""
"1","G_1b     "
"1",""
"1",":"
"1"," int  "
"1",""
"1","0 0 0 0 1 0 0 0 0 0"
"1",""
"1"," ..."
"1",""
"1","
"
"1"," "
"1",""
"1","$ "
"1",""
"1","G_2b     "
"1",""
"1",":"
"1"," int  "
"1",""
"1","0 22 2 0 2 0 0 16 0 1"
"1",""
"1"," ..."
"1",""
"1","
"
"1"," "
"1",""
"1","$ "
"1",""
"1","G_3b     "
"1",""
"1",":"
"1"," int  "
"1",""
"1","0 0 0 0 20 0 0 0 1 0"
"1",""
"1"," ..."
"1",""
"1","
"
"1"," "
"1",""
"1","$ "
"1",""
"1","G_ss     "
"1",""
"1",":"
"1"," int  "
"1",""
"1","1 3 0 0 0 0 0 15 0 0"
"1",""
"1"," ..."
"1",""
"1","
"
"1"," "
"1",""
"1","$ "
"1",""
"1","G_lf     "
"1",""
"1",":"
"1"," int  "
"1",""
"1","0 0 0 0 1 0 1 0 0 13"
"1",""
"1"," ..."
"1",""
"1","
"
"1"," "
"1",""
"1","$ "
"1",""
"1","G_cf     "
"1",""
"1",":"
"1"," int  "
"1",""
"1","0 0 29 0 0 11 0 0 0 0"
"1",""
"1"," ..."
"1",""
"1","
"
"1"," "
"1",""
"1","$ "
"1",""
"1","G_rf     "
"1",""
"1",":"
"1"," int  "
"1",""
"1","0 0 0 0 0 1 0 0 0 4"
"1",""
"1"," ..."
"1",""
"1","
"
"1"," "
"1",""
"1","$ "
"1",""
"1","G_of     "
"1",""
"1",":"
"1"," int  "
"1",""
"1","0 0 29 0 1 12 1 0 0 17"
"1",""
"1"," ..."
"1",""
"1","
"
"1"," "
"1",""
"1","$ "
"1",""
"1","G_dh     "
"1",""
"1",":"
"1"," int  "
"1",""
"1","NA NA NA NA NA NA NA NA NA NA"
"1",""
"1"," ..."
"1",""
"1","
"
"1"," "
"1",""
"1","$ "
"1",""
"1","G_ph     "
"1",""
"1",":"
"1"," int  "
"1",""
"1","NA NA NA NA NA NA NA NA NA NA"
"1",""
"1"," ..."
"1",""
"1","
"
"1"," "
"1",""
"1","$ "
"1",""
"1","G_pr     "
"1",""
"1",":"
"1"," int  "
"1",""
"1","NA NA NA NA NA NA NA NA NA NA"
"1",""
"1"," ..."
"1",""
"1","
"
"2","
"
"2","AwardsManagers:  data.frame
"
"1","'data.frame':	"
"1",""
"1","179"
"1",""
"1"," obs. of  "
"1",""
"1","6"
"1",""
"1"," variable"
"1",""
"1","s"
"1",""
"1",":"
"1",""
"1","
"
"1"," "
"1",""
"1","$ "
"1",""
"1","playerID"
"1",""
"1",":"
"1"," chr  "
"1",""
"1","""larusto01"" ""lasorto01"" ""andersp01"" ""freyji99"""
"1",""
"1"," ..."
"1",""
"1","
"
"1"," "
"1",""
"1","$ "
"1",""
"1","awardID "
"1",""
"1",":"
"1"," chr  "
"1",""
"1","""BBWAA Manager of the Year"" ""BBWAA Manager of the Year"" ""BBWAA Manager of the Year"" ""BBWAA Manager of the Year"""
"1",""
"1"," ..."
"1",""
"1","
"
"1"," "
"1",""
"1","$ "
"1",""
"1","yearID  "
"1",""
"1",":"
"1"," int  "
"1",""
"1","1983 1983 1984 1984 1985 1985 1986 1986 1987 1987"
"1",""
"1"," ..."
"1",""
"1","
"
"1"," "
"1",""
"1","$ "
"1",""
"1","lgID    "
"1",""
"1",":"
"1"," Factor w/ 3 levels ""AL"",""ML"",""NL"": "
"1",""
"1","1 3 1 3 1 3 1 3 1 3"
"1",""
"1"," ..."
"1",""
"1","
"
"1"," "
"1",""
"1","$ "
"1",""
"1","tie     "
"1",""
"1",":"
"1"," chr  "
"1",""
"1","NA NA NA NA"
"1",""
"1"," ..."
"1",""
"1","
"
"1"," "
"1",""
"1","$ "
"1",""
"1","notes   "
"1",""
"1",":"
"1"," logi  "
"1",""
"1","NA NA NA NA NA NA"
"1",""
"1"," ..."
"1",""
"1","
"
"2","
"
"2","AwardsPlayers:  data.frame
"
"1","'data.frame':	"
"1",""
"1","6158"
"1",""
"1"," obs. of  "
"1",""
"1","6"
"1",""
"1"," variable"
"1",""
"1","s"
"1",""
"1",":"
"1",""
"1","
"
"1"," "
"1",""
"1","$ "
"1",""
"1","playerID"
"1",""
"1",":"
"1"," chr  "
"1",""
"1","""bondto01"" ""hinespa01"" ""heckegu01"" ""radboch01"""
"1",""
"1"," ..."
"1",""
"1","
"
"1"," "
"1",""
"1","$ "
"1",""
"1","awardID "
"1",""
"1",":"
"1"," chr  "
"1",""
"1","""Pitching Triple Crown"" ""Triple Crown"" ""Pitching Triple Crown"" ""Pitching Triple Crown"""
"1",""
"1"," ..."
"1",""
"1","
"
"1"," "
"1",""
"1","$ "
"1",""
"1","yearID  "
"1",""
"1",":"
"1"," int  "
"1",""
"1","1877 1878 1884 1884 1887 1888 1889 1894 1894 1901"
"1",""
"1"," ..."
"1",""
"1","
"
"1"," "
"1",""
"1","$ "
"1",""
"1","lgID    "
"1",""
"1",":"
"1"," Factor w/ 4 levels ""AA"",""AL"",""ML"",..: "
"1",""
"1","4 4 1 4 1 4 4 4 4 2"
"1",""
"1"," ..."
"1",""
"1","
"
"1"," "
"1",""
"1","$ "
"1",""
"1","tie     "
"1",""
"1",":"
"1"," chr  "
"1",""
"1","NA NA NA NA"
"1",""
"1"," ..."
"1",""
"1","
"
"1"," "
"1",""
"1","$ "
"1",""
"1","notes   "
"1",""
"1",":"
"1"," chr  "
"1",""
"1","NA NA NA NA"
"1",""
"1"," ..."
"1",""
"1","
"
"2","
"
"2","AwardsShareManagers:  data.frame
"
"1","'data.frame':	"
"1",""
"1","425"
"1",""
"1"," obs. of  "
"1",""
"1","7"
"1",""
"1"," variable"
"1",""
"1","s"
"1",""
"1",":"
"1",""
"1","
"
"1"," "
"1",""
"1","$ "
"1",""
"1","awardID   "
"1",""
"1",":"
"1"," chr  "
"1",""
"1","""BBWAA Manager of the Year"" ""BBWAA Manager of the Year"" ""BBWAA Manager of the Year"" ""BBWAA Manager of the Year"""
"1",""
"1"," ..."
"1",""
"1","
"
"1"," "
"1",""
"1","$ "
"1",""
"1","yearID    "
"1",""
"1",":"
"1"," int  "
"1",""
"1","1983 1983 1983 1983 1983 1983 1983 1984 1984 1984"
"1",""
"1"," ..."
"1",""
"1","
"
"1"," "
"1",""
"1","$ "
"1",""
"1","lgID      "
"1",""
"1",":"
"1"," Factor w/ 2 levels ""AL"",""NL"": "
"1",""
"1","1 1 1 2 2 2 2 1 1 1"
"1",""
"1"," ..."
"1",""
"1","
"
"1"," "
"1",""
"1","$ "
"1",""
"1","playerID  "
"1",""
"1",":"
"1"," chr  "
"1",""
"1","""altobjo01"" ""coxbo01"" ""larusto01"" ""lasorto01"""
"1",""
"1"," ..."
"1",""
"1","
"
"1"," "
"1",""
"1","$ "
"1",""
"1","pointsWon "
"1",""
"1",":"
"1"," int  "
"1",""
"1","7 4 17 10 9 1 4 96 9 48"
"1",""
"1"," ..."
"1",""
"1","
"
"1"," "
"1",""
"1","$ "
"1",""
"1","pointsMax "
"1",""
"1",":"
"1"," int  "
"1",""
"1","28 28 28 24 24 24 24 140 140 140"
"1",""
"1"," ..."
"1",""
"1","
"
"1"," "
"1",""
"1","$ "
"1",""
"1","votesFirst"
"1",""
"1",":"
"1"," int  "
"1",""
"1","7 4 17 10 9 1 4 13 0 4"
"1",""
"1"," ..."
"1",""
"1","
"
"2","
"
"2","AwardsSharePlayers:  data.frame
"
"1","'data.frame':	"
"1",""
"1","6879"
"1",""
"1"," obs. of  "
"1",""
"1","7"
"1",""
"1"," variable"
"1",""
"1","s"
"1",""
"1",":"
"1",""
"1","
"
"1"," "
"1",""
"1","$ "
"1",""
"1","awardID   "
"1",""
"1",":"
"1"," chr  "
"1",""
"1","""Cy Young"" ""Cy Young"" ""Cy Young"" ""Cy Young"""
"1",""
"1"," ..."
"1",""
"1","
"
"1"," "
"1",""
"1","$ "
"1",""
"1","yearID    "
"1",""
"1",":"
"1"," int  "
"1",""
"1","1956 1956 1956 1956 1957 1957 1958 1958 1958 1958"
"1",""
"1"," ..."
"1",""
"1","
"
"1"," "
"1",""
"1","$ "
"1",""
"1","lgID      "
"1",""
"1",":"
"1"," Factor w/ 3 levels ""AL"",""ML"",""NL"": "
"1",""
"1","2 2 2 2 2 2 2 2 2 2"
"1",""
"1"," ..."
"1",""
"1","
"
"1"," "
"1",""
"1","$ "
"1",""
"1","playerID  "
"1",""
"1",":"
"1"," chr  "
"1",""
"1","""fordwh01"" ""maglisa01"" ""newcodo01"" ""spahnwa01"""
"1",""
"1"," ..."
"1",""
"1","
"
"1"," "
"1",""
"1","$ "
"1",""
"1","pointsWon "
"1",""
"1",":"
"1"," num  "
"1",""
"1","1 4 10 1 1 15 3 3 4 5"
"1",""
"1"," ..."
"1",""
"1","
"
"1"," "
"1",""
"1","$ "
"1",""
"1","pointsMax "
"1",""
"1",":"
"1"," int  "
"1",""
"1","16 16 16 16 16 16 16 16 16 16"
"1",""
"1"," ..."
"1",""
"1","
"
"1"," "
"1",""
"1","$ "
"1",""
"1","votesFirst"
"1",""
"1",":"
"1"," num  "
"1",""
"1","1 4 10 1 1 15 3 3 4 5"
"1",""
"1"," ..."
"1",""
"1","
"
"2","
"
"2","Batting:  data.frame
"
"1","'data.frame':	"
"1",""
"1","102816"
"1",""
"1"," obs. of  "
"1",""
"1","22"
"1",""
"1"," variable"
"1",""
"1","s"
"1",""
"1",":"
"1",""
"1","
"
"1"," "
"1",""
"1","$ "
"1",""
"1","playerID"
"1",""
"1",":"
"1"," chr  "
"1",""
"1","""abercda01"" ""addybo01"" ""allisar01"" ""allisdo01"""
"1",""
"1"," ..."
"1",""
"1","
"
"1"," "
"1",""
"1","$ "
"1",""
"1","yearID  "
"1",""
"1",":"
"1"," int  "
"1",""
"1","1871 1871 1871 1871 1871 1871 1871 1871 1871 1871"
"1",""
"1"," ..."
"1",""
"1","
"
"1"," "
"1",""
"1","$ "
"1",""
"1","stint   "
"1",""
"1",":"
"1"," int  "
"1",""
"1","1 1 1 1 1 1 1 1 1 1"
"1",""
"1"," ..."
"1",""
"1","
"
"1"," "
"1",""
"1","$ "
"1",""
"1","teamID  "
"1",""
"1",":"
"1"," Factor w/ 149 levels ""ALT"",""ANA"",""ARI"",..: "
"1",""
"1","136 111 39 142 111 56 111 24 56 24"
"1",""
"1"," ..."
"1",""
"1","
"
"1"," "
"1",""
"1","$ "
"1",""
"1","lgID    "
"1",""
"1",":"
"1"," Factor w/ 7 levels ""AA"",""AL"",""FL"",..: "
"1",""
"1","4 4 4 4 4 4 4 4 4 4"
"1",""
"1"," ..."
"1",""
"1","
"
"1"," "
"1",""
"1","$ "
"1",""
"1","G       "
"1",""
"1",":"
"1"," int  "
"1",""
"1","1 25 29 27 25 12 1 31 1 18"
"1",""
"1"," ..."
"1",""
"1","
"
"1"," "
"1",""
"1","$ "
"1",""
"1","AB      "
"1",""
"1",":"
"1"," int  "
"1",""
"1","4 118 137 133 120 49 4 157 5 86"
"1",""
"1"," ..."
"1",""
"1","
"
"1"," "
"1",""
"1","$ "
"1",""
"1","R       "
"1",""
"1",":"
"1"," int  "
"1",""
"1","0 30 28 28 29 9 0 66 1 13"
"1",""
"1"," ..."
"1",""
"1","
"
"1"," "
"1",""
"1","$ "
"1",""
"1","H       "
"1",""
"1",":"
"1"," int  "
"1",""
"1","0 32 40 44 39 11 1 63 1 13"
"1",""
"1"," ..."
"1",""
"1","
"
"1"," "
"1",""
"1","$ "
"1",""
"1","X2B     "
"1",""
"1",":"
"1"," int  "
"1",""
"1","0 6 4 10 11 2 0 10 1 2"
"1",""
"1"," ..."
"1",""
"1","
"
"1"," "
"1",""
"1","$ "
"1",""
"1","X3B     "
"1",""
"1",":"
"1"," int  "
"1",""
"1","0 0 5 2 3 1 0 9 0 1"
"1",""
"1"," ..."
"1",""
"1","
"
"1"," "
"1",""
"1","$ "
"1",""
"1","HR      "
"1",""
"1",":"
"1"," int  "
"1",""
"1","0 0 0 2 0 0 0 0 0 0"
"1",""
"1"," ..."
"1",""
"1","
"
"1"," "
"1",""
"1","$ "
"1",""
"1","RBI     "
"1",""
"1",":"
"1"," int  "
"1",""
"1","0 13 19 27 16 5 2 34 1 11"
"1",""
"1"," ..."
"1",""
"1","
"
"1"," "
"1",""
"1","$ "
"1",""
"1","SB      "
"1",""
"1",":"
"1"," int  "
"1",""
"1","0 8 3 1 6 0 0 11 0 1"
"1",""
"1"," ..."
"1",""
"1","
"
"1"," "
"1",""
"1","$ "
"1",""
"1","CS      "
"1",""
"1",":"
"1"," int  "
"1",""
"1","0 1 1 1 2 1 0 6 0 0"
"1",""
"1"," ..."
"1",""
"1","
"
"1"," "
"1",""
"1","$ "
"1",""
"1","BB      "
"1",""
"1",":"
"1"," int  "
"1",""
"1","0 4 2 0 2 0 1 13 0 0"
"1",""
"1"," ..."
"1",""
"1","
"
"1"," "
"1",""
"1","$ "
"1",""
"1","SO      "
"1",""
"1",":"
"1"," int  "
"1",""
"1","0 0 5 2 1 1 0 1 0 0"
"1",""
"1"," ..."
"1",""
"1","
"
"1"," "
"1",""
"1","$ "
"1",""
"1","IBB     "
"1",""
"1",":"
"1"," int  "
"1",""
"1","NA NA NA NA NA NA NA NA NA NA"
"1",""
"1"," ..."
"1",""
"1","
"
"1"," "
"1",""
"1","$ "
"1",""
"1","HBP     "
"1",""
"1",":"
"1"," int  "
"1",""
"1","NA NA NA NA NA NA NA NA NA NA"
"1",""
"1"," ..."
"1",""
"1","
"
"1"," "
"1",""
"1","$ "
"1",""
"1","SH      "
"1",""
"1",":"
"1"," int  "
"1",""
"1","NA NA NA NA NA NA NA NA NA NA"
"1",""
"1"," ..."
"1",""
"1","
"
"1"," "
"1",""
"1","$ "
"1",""
"1","SF      "
"1",""
"1",":"
"1"," int  "
"1",""
"1","NA NA NA NA NA NA NA NA NA NA"
"1",""
"1"," ..."
"1",""
"1","
"
"1"," "
"1",""
"1","$ "
"1",""
"1","GIDP    "
"1",""
"1",":"
"1"," int  "
"1",""
"1","NA NA NA NA NA NA NA NA NA NA"
"1",""
"1"," ..."
"1",""
"1","
"
"2","
"
"2","battingLabels:  data.frame
"
"1","'data.frame':	"
"1",""
"1","22"
"1",""
"1"," obs. of  "
"1",""
"1","2"
"1",""
"1"," variable"
"1",""
"1","s"
"1",""
"1",":"
"1",""
"1","
"
"1"," "
"1",""
"1","$ "
"1",""
"1","variable"
"1",""
"1",":"
"1"," chr  "
"1",""
"1","""playerID"" ""yearID"" ""stint"" ""teamID"""
"1",""
"1"," ..."
"1",""
"1","
"
"1"," "
"1",""
"1","$ "
"1",""
"1","label   "
"1",""
"1",":"
"1"," chr  "
"1",""
"1","""Player ID code"" ""Year"" ""Player's stint"" ""Team"""
"1",""
"1"," ..."
"1",""
"1","
"
"2","
"
"2","BattingPost:  data.frame
"
"1","'data.frame':	"
"1",""
"1","13543"
"1",""
"1"," obs. of  "
"1",""
"1","22"
"1",""
"1"," variable"
"1",""
"1","s"
"1",""
"1",":"
"1",""
"1","
"
"1"," "
"1",""
"1","$ "
"1",""
"1","yearID  "
"1",""
"1",":"
"1"," int  "
"1",""
"1","1884 1884 1884 1884 1884 1884 1884 1884 1884 1884"
"1",""
"1"," ..."
"1",""
"1","
"
"1"," "
"1",""
"1","$ "
"1",""
"1","round   "
"1",""
"1",":"
"1"," chr  "
"1",""
"1","""WS"" ""WS"" ""WS"" ""WS"""
"1",""
"1"," ..."
"1",""
"1","
"
"1"," "
"1",""
"1","$ "
"1",""
"1","playerID"
"1",""
"1",":"
"1"," chr  "
"1",""
"1","""becanbu01"" ""bradyst01"" ""carrocl01"" ""dennyje01"""
"1",""
"1"," ..."
"1",""
"1","
"
"1"," "
"1",""
"1","$ "
"1",""
"1","teamID  "
"1",""
"1",":"
"1"," Factor w/ 48 levels ""ANA"",""ARI"",""ATL"",..: "
"1",""
"1","30 30 37 37 30 37 30 37 37 37"
"1",""
"1"," ..."
"1",""
"1","
"
"1"," "
"1",""
"1","$ "
"1",""
"1","lgID    "
"1",""
"1",":"
"1"," Factor w/ 3 levels ""AA"",""AL"",""NL"": "
"1",""
"1","1 1 3 3 1 3 1 3 3 3"
"1",""
"1"," ..."
"1",""
"1","
"
"1"," "
"1",""
"1","$ "
"1",""
"1","G       "
"1",""
"1",":"
"1"," int  "
"1",""
"1","1 3 3 3 3 3 1 3 3 3"
"1",""
"1"," ..."
"1",""
"1","
"
"1"," "
"1",""
"1","$ "
"1",""
"1","AB      "
"1",""
"1",":"
"1"," int  "
"1",""
"1","2 10 10 9 10 9 3 9 8 9"
"1",""
"1"," ..."
"1",""
"1","
"
"1"," "
"1",""
"1","$ "
"1",""
"1","R       "
"1",""
"1",":"
"1"," int  "
"1",""
"1","0 1 2 3 0 3 0 3 5 3"
"1",""
"1"," ..."
"1",""
"1","
"
"1"," "
"1",""
"1","$ "
"1",""
"1","H       "
"1",""
"1",":"
"1"," int  "
"1",""
"1","1 0 1 4 3 4 0 4 2 2"
"1",""
"1"," ..."
"1",""
"1","
"
"1"," "
"1",""
"1","$ "
"1",""
"1","X2B     "
"1",""
"1",":"
"1"," int  "
"1",""
"1","0 0 0 0 1 2 0 2 0 0"
"1",""
"1"," ..."
"1",""
"1","
"
"1"," "
"1",""
"1","$ "
"1",""
"1","X3B     "
"1",""
"1",":"
"1"," int  "
"1",""
"1","0 0 0 1 0 0 0 0 0 1"
"1",""
"1"," ..."
"1",""
"1","
"
"1"," "
"1",""
"1","$ "
"1",""
"1","HR      "
"1",""
"1",":"
"1"," int  "
"1",""
"1","0 0 0 1 0 0 0 0 0 0"
"1",""
"1"," ..."
"1",""
"1","
"
"1"," "
"1",""
"1","$ "
"1",""
"1","RBI     "
"1",""
"1",":"
"1"," int  "
"1",""
"1","0 0 1 2 0 0 0 2 1 2"
"1",""
"1"," ..."
"1",""
"1","
"
"1"," "
"1",""
"1","$ "
"1",""
"1","SB      "
"1",""
"1",":"
"1"," int  "
"1",""
"1","0 0 0 0 1 1 0 0 2 0"
"1",""
"1"," ..."
"1",""
"1","
"
"1"," "
"1",""
"1","$ "
"1",""
"1","CS      "
"1",""
"1",":"
"1"," int  "
"1",""
"1","NA NA NA NA NA NA NA NA NA NA"
"1",""
"1"," ..."
"1",""
"1","
"
"1"," "
"1",""
"1","$ "
"1",""
"1","BB      "
"1",""
"1",":"
"1"," int  "
"1",""
"1","0 0 1 0 0 0 0 0 3 0"
"1",""
"1"," ..."
"1",""
"1","
"
"1"," "
"1",""
"1","$ "
"1",""
"1","SO      "
"1",""
"1",":"
"1"," int  "
"1",""
"1","0 1 1 3 3 0 1 1 0 2"
"1",""
"1"," ..."
"1",""
"1","
"
"1"," "
"1",""
"1","$ "
"1",""
"1","IBB     "
"1",""
"1",":"
"1"," int  "
"1",""
"1","0 0 0 0 0 0 0 0 0 0"
"1",""
"1"," ..."
"1",""
"1","
"
"1"," "
"1",""
"1","$ "
"1",""
"1","HBP     "
"1",""
"1",":"
"1"," int  "
"1",""
"1","NA NA NA NA NA NA NA NA NA NA"
"1",""
"1"," ..."
"1",""
"1","
"
"1"," "
"1",""
"1","$ "
"1",""
"1","SH      "
"1",""
"1",":"
"1"," int  "
"1",""
"1","NA NA NA NA NA NA NA NA NA NA"
"1",""
"1"," ..."
"1",""
"1","
"
"1"," "
"1",""
"1","$ "
"1",""
"1","SF      "
"1",""
"1",":"
"1"," int  "
"1",""
"1","NA NA NA NA NA NA NA NA NA NA"
"1",""
"1"," ..."
"1",""
"1","
"
"1"," "
"1",""
"1","$ "
"1",""
"1","GIDP    "
"1",""
"1",":"
"1"," int  "
"1",""
"1","NA NA NA NA NA NA NA NA NA NA"
"1",""
"1"," ..."
"1",""
"1","
"
"2","
"
"2","CollegePlaying:  data.frame
"
"1","'data.frame':	"
"1",""
"1","17350"
"1",""
"1"," obs. of  "
"1",""
"1","3"
"1",""
"1"," variable"
"1",""
"1","s"
"1",""
"1",":"
"1",""
"1","
"
"1"," "
"1",""
"1","$ "
"1",""
"1","playerID"
"1",""
"1",":"
"1"," chr  "
"1",""
"1","""aardsda01"" ""aardsda01"" ""aardsda01"" ""abadan01"""
"1",""
"1"," ..."
"1",""
"1","
"
"1"," "
"1",""
"1","$ "
"1",""
"1","schoolID"
"1",""
"1",":"
"1"," chr  "
"1",""
"1","""pennst"" ""rice"" ""rice"" ""gamiddl"""
"1",""
"1"," ..."
"1",""
"1","
"
"1"," "
"1",""
"1","$ "
"1",""
"1","yearID  "
"1",""
"1",":"
"1"," int  "
"1",""
"1","2001 2002 2003 1992 1993 1889 1890 1891 1892 1991"
"1",""
"1"," ..."
"1",""
"1","
"
"2","
"
"2","Fielding:  data.frame
"
"1","'data.frame':	"
"1",""
"1","136815"
"1",""
"1"," obs. of  "
"1",""
"1","18"
"1",""
"1"," variable"
"1",""
"1","s"
"1",""
"1",":"
"1",""
"1","
"
"1"," "
"1",""
"1","$ "
"1",""
"1","playerID"
"1",""
"1",":"
"1"," chr  "
"1",""
"1","""abercda01"" ""addybo01"" ""addybo01"" ""allisar01"""
"1",""
"1"," ..."
"1",""
"1","
"
"1"," "
"1",""
"1","$ "
"1",""
"1","yearID  "
"1",""
"1",":"
"1"," int  "
"1",""
"1","1871 1871 1871 1871 1871 1871 1871 1871 1871 1871"
"1",""
"1"," ..."
"1",""
"1","
"
"1"," "
"1",""
"1","$ "
"1",""
"1","stint   "
"1",""
"1",":"
"1"," int  "
"1",""
"1","1 1 1 1 1 1 1 1 1 1"
"1",""
"1"," ..."
"1",""
"1","
"
"1"," "
"1",""
"1","$ "
"1",""
"1","teamID  "
"1",""
"1",":"
"1"," Factor w/ 149 levels ""ALT"",""ANA"",""ARI"",..: "
"1",""
"1","136 111 111 39 39 142 111 111 111 111"
"1",""
"1"," ..."
"1",""
"1","
"
"1"," "
"1",""
"1","$ "
"1",""
"1","lgID    "
"1",""
"1",":"
"1"," Factor w/ 7 levels ""AA"",""AL"",""FL"",..: "
"1",""
"1","4 4 4 4 4 4 4 4 4 4"
"1",""
"1"," ..."
"1",""
"1","
"
"1"," "
"1",""
"1","$ "
"1",""
"1","POS     "
"1",""
"1",":"
"1"," chr  "
"1",""
"1","""SS"" ""2B"" ""SS"" ""2B"""
"1",""
"1"," ..."
"1",""
"1","
"
"1"," "
"1",""
"1","$ "
"1",""
"1","G       "
"1",""
"1",":"
"1"," int  "
"1",""
"1","1 22 3 2 29 27 1 2 20 5"
"1",""
"1"," ..."
"1",""
"1","
"
"1"," "
"1",""
"1","$ "
"1",""
"1","GS      "
"1",""
"1",":"
"1"," int  "
"1",""
"1","NA NA NA NA NA NA NA NA NA NA"
"1",""
"1"," ..."
"1",""
"1","
"
"1"," "
"1",""
"1","$ "
"1",""
"1","InnOuts "
"1",""
"1",":"
"1"," int  "
"1",""
"1","NA NA NA NA NA NA NA NA NA NA"
"1",""
"1"," ..."
"1",""
"1","
"
"1"," "
"1",""
"1","$ "
"1",""
"1","PO      "
"1",""
"1",":"
"1"," int  "
"1",""
"1","1 67 8 1 51 68 7 3 38 10"
"1",""
"1"," ..."
"1",""
"1","
"
"1"," "
"1",""
"1","$ "
"1",""
"1","A       "
"1",""
"1",":"
"1"," int  "
"1",""
"1","3 72 14 4 3 15 0 4 52 0"
"1",""
"1"," ..."
"1",""
"1","
"
"1"," "
"1",""
"1","$ "
"1",""
"1","E       "
"1",""
"1",":"
"1"," int  "
"1",""
"1","2 42 7 0 7 20 0 1 28 8"
"1",""
"1"," ..."
"1",""
"1","
"
"1"," "
"1",""
"1","$ "
"1",""
"1","DP      "
"1",""
"1",":"
"1"," int  "
"1",""
"1","0 5 0 0 1 4 0 0 2 0"
"1",""
"1"," ..."
"1",""
"1","
"
"1"," "
"1",""
"1","$ "
"1",""
"1","PB      "
"1",""
"1",":"
"1"," int  "
"1",""
"1","NA NA NA NA NA 0 NA NA NA 0"
"1",""
"1"," ..."
"1",""
"1","
"
"1"," "
"1",""
"1","$ "
"1",""
"1","WP      "
"1",""
"1",":"
"1"," int  "
"1",""
"1","NA NA NA NA NA NA NA NA NA NA"
"1",""
"1"," ..."
"1",""
"1","
"
"1"," "
"1",""
"1","$ "
"1",""
"1","SB      "
"1",""
"1",":"
"1"," int  "
"1",""
"1","NA NA NA NA NA NA NA NA NA NA"
"1",""
"1"," ..."
"1",""
"1","
"
"1"," "
"1",""
"1","$ "
"1",""
"1","CS      "
"1",""
"1",":"
"1"," int  "
"1",""
"1","NA NA NA NA NA NA NA NA NA NA"
"1",""
"1"," ..."
"1",""
"1","
"
"1"," "
"1",""
"1","$ "
"1",""
"1","ZR      "
"1",""
"1",":"
"1"," int  "
"1",""
"1","NA NA NA NA NA NA NA NA NA NA"
"1",""
"1"," ..."
"1",""
"1","
"
"2","
"
"2","fieldingLabels:  data.frame
"
"1","'data.frame':	"
"1",""
"1","18"
"1",""
"1"," obs. of  "
"1",""
"1","2"
"1",""
"1"," variable"
"1",""
"1","s"
"1",""
"1",":"
"1",""
"1","
"
"1"," "
"1",""
"1","$ "
"1",""
"1","variable"
"1",""
"1",":"
"1"," chr  "
"1",""
"1","""playerID"" ""yearID"" ""stint"" ""teamID"""
"1",""
"1"," ..."
"1",""
"1","
"
"1"," "
"1",""
"1","$ "
"1",""
"1","label   "
"1",""
"1",":"
"1"," chr  "
"1",""
"1","""Player ID code"" ""Year"" ""Player's stint"" ""Team"""
"1",""
"1"," ..."
"1",""
"1","
"
"2","
"
"2","FieldingOF:  data.frame
"
"1","'data.frame':	"
"1",""
"1","12028"
"1",""
"1"," obs. of  "
"1",""
"1","6"
"1",""
"1"," variable"
"1",""
"1","s"
"1",""
"1",":"
"1",""
"1","
"
"1"," "
"1",""
"1","$ "
"1",""
"1","playerID"
"1",""
"1",":"
"1"," chr  "
"1",""
"1","""allisar01"" ""ansonca01"" ""armstbo01"" ""barkeal01"""
"1",""
"1"," ..."
"1",""
"1","
"
"1"," "
"1",""
"1","$ "
"1",""
"1","yearID  "
"1",""
"1",":"
"1"," int  "
"1",""
"1","1871 1871 1871 1871 1871 1871 1871 1871 1871 1871"
"1",""
"1"," ..."
"1",""
"1","
"
"1"," "
"1",""
"1","$ "
"1",""
"1","stint   "
"1",""
"1",":"
"1"," int  "
"1",""
"1","1 1 1 1 1 1 1 1 1 1"
"1",""
"1"," ..."
"1",""
"1","
"
"1"," "
"1",""
"1","$ "
"1",""
"1","Glf     "
"1",""
"1",":"
"1"," int  "
"1",""
"1","0 1 0 1 13 0 4 1 0 0"
"1",""
"1"," ..."
"1",""
"1","
"
"1"," "
"1",""
"1","$ "
"1",""
"1","Gcf     "
"1",""
"1",":"
"1"," int  "
"1",""
"1","29 0 11 0 0 0 0 3 0 0"
"1",""
"1"," ..."
"1",""
"1","
"
"1"," "
"1",""
"1","$ "
"1",""
"1","Grf     "
"1",""
"1",":"
"1"," int  "
"1",""
"1","0 0 1 0 4 1 4 11 1 1"
"1",""
"1"," ..."
"1",""
"1","
"
"2","
"
"2","FieldingPost:  data.frame
"
"1","'data.frame':	"
"1",""
"1","12714"
"1",""
"1"," obs. of  "
"1",""
"1","17"
"1",""
"1"," variable"
"1",""
"1","s"
"1",""
"1",":"
"1",""
"1","
"
"1"," "
"1",""
"1","$ "
"1",""
"1","playerID"
"1",""
"1",":"
"1"," chr  "
"1",""
"1","""beaumgi01"" ""branski01"" ""clarkfr01"" ""colliji01"""
"1",""
"1"," ..."
"1",""
"1","
"
"1"," "
"1",""
"1","$ "
"1",""
"1","yearID  "
"1",""
"1",":"
"1"," int  "
"1",""
"1","1903 1903 1903 1903 1903 1903 1903 1903 1903 1903"
"1",""
"1"," ..."
"1",""
"1","
"
"1"," "
"1",""
"1","$ "
"1",""
"1","teamID  "
"1",""
"1",":"
"1"," Factor w/ 41 levels ""ANA"",""ARI"",""ATL"",..: "
"1",""
"1","31 31 31 5 5 5 5 5 5 5"
"1",""
"1"," ..."
"1",""
"1","
"
"1"," "
"1",""
"1","$ "
"1",""
"1","lgID    "
"1",""
"1",":"
"1"," Factor w/ 2 levels ""AL"",""NL"": "
"1",""
"1","2 2 2 1 1 1 1 1 1 1"
"1",""
"1"," ..."
"1",""
"1","
"
"1"," "
"1",""
"1","$ "
"1",""
"1","round   "
"1",""
"1",":"
"1"," chr  "
"1",""
"1","""WS"" ""WS"" ""WS"" ""WS"""
"1",""
"1"," ..."
"1",""
"1","
"
"1"," "
"1",""
"1","$ "
"1",""
"1","POS     "
"1",""
"1",":"
"1"," chr  "
"1",""
"1","""CF"" ""1B"" ""LF"" ""3B"""
"1",""
"1"," ..."
"1",""
"1","
"
"1"," "
"1",""
"1","$ "
"1",""
"1","G       "
"1",""
"1",":"
"1"," int  "
"1",""
"1","8 8 8 8 8 4 8 8 8 1"
"1",""
"1"," ..."
"1",""
"1","
"
"1"," "
"1",""
"1","$ "
"1",""
"1","GS      "
"1",""
"1",":"
"1"," int  "
"1",""
"1","8 8 8 8 8 4 8 8 8 1"
"1",""
"1"," ..."
"1",""
"1","
"
"1"," "
"1",""
"1","$ "
"1",""
"1","InnOuts "
"1",""
"1",":"
"1"," int  "
"1",""
"1","210 210 210 213 213 105 213 213 213 6"
"1",""
"1"," ..."
"1",""
"1","
"
"1"," "
"1",""
"1","$ "
"1",""
"1","PO      "
"1",""
"1",":"
"1"," int  "
"1",""
"1","21 81 18 9 54 2 13 18 10 0"
"1",""
"1"," ..."
"1",""
"1","
"
"1"," "
"1",""
"1","$ "
"1",""
"1","A       "
"1",""
"1",":"
"1"," int  "
"1",""
"1","0 6 0 18 7 9 3 23 0 0"
"1",""
"1"," ..."
"1",""
"1","
"
"1"," "
"1",""
"1","$ "
"1",""
"1","E       "
"1",""
"1",":"
"1"," int  "
"1",""
"1","0 3 1 1 3 0 1 2 0 0"
"1",""
"1"," ..."
"1",""
"1","
"
"1"," "
"1",""
"1","$ "
"1",""
"1","DP      "
"1",""
"1",":"
"1"," int  "
"1",""
"1","0 5 0 1 2 0 1 2 0 0"
"1",""
"1"," ..."
"1",""
"1","
"
"1"," "
"1",""
"1","$ "
"1",""
"1","TP      "
"1",""
"1",":"
"1"," int  "
"1",""
"1","0 0 0 0 0 0 0 0 0 0"
"1",""
"1"," ..."
"1",""
"1","
"
"1"," "
"1",""
"1","$ "
"1",""
"1","PB      "
"1",""
"1",":"
"1"," int  "
"1",""
"1","NA NA NA NA 0 NA NA NA NA NA"
"1",""
"1"," ..."
"1",""
"1","
"
"1"," "
"1",""
"1","$ "
"1",""
"1","SB      "
"1",""
"1",":"
"1"," int  "
"1",""
"1","NA NA NA NA 9 6 NA NA NA 0"
"1",""
"1"," ..."
"1",""
"1","
"
"1"," "
"1",""
"1","$ "
"1",""
"1","CS      "
"1",""
"1",":"
"1"," int  "
"1",""
"1","NA NA NA NA 3 1 NA NA NA 0"
"1",""
"1"," ..."
"1",""
"1","
"
"2","
"
"2","HallOfFame:  data.frame
"
"1","'data.frame':	"
"1",""
"1","4156"
"1",""
"1"," obs. of  "
"1",""
"1","9"
"1",""
"1"," variable"
"1",""
"1","s"
"1",""
"1",":"
"1",""
"1","
"
"1"," "
"1",""
"1","$ "
"1",""
"1","playerID   "
"1",""
"1",":"
"1"," chr  "
"1",""
"1","""cobbty01"" ""ruthba01"" ""wagneho01"" ""mathech01"""
"1",""
"1"," ..."
"1",""
"1","
"
"1"," "
"1",""
"1","$ "
"1",""
"1","yearID     "
"1",""
"1",":"
"1"," int  "
"1",""
"1","1936 1936 1936 1936 1936 1936 1936 1936 1936 1936"
"1",""
"1"," ..."
"1",""
"1","
"
"1"," "
"1",""
"1","$ "
"1",""
"1","votedBy    "
"1",""
"1",":"
"1"," chr  "
"1",""
"1","""BBWAA"" ""BBWAA"" ""BBWAA"" ""BBWAA"""
"1",""
"1"," ..."
"1",""
"1","
"
"1"," "
"1",""
"1","$ "
"1",""
"1","ballots    "
"1",""
"1",":"
"1"," int  "
"1",""
"1","226 226 226 226 226 226 226 226 226 226"
"1",""
"1"," ..."
"1",""
"1","
"
"1"," "
"1",""
"1","$ "
"1",""
"1","needed     "
"1",""
"1",":"
"1"," int  "
"1",""
"1","170 170 170 170 170 170 170 170 170 170"
"1",""
"1"," ..."
"1",""
"1","
"
"1"," "
"1",""
"1","$ "
"1",""
"1","votes      "
"1",""
"1",":"
"1"," int  "
"1",""
"1","222 215 215 205 189 146 133 111 105 80"
"1",""
"1"," ..."
"1",""
"1","
"
"1"," "
"1",""
"1","$ "
"1",""
"1","inducted   "
"1",""
"1",":"
"1"," Factor w/ 2 levels ""N"",""Y"": "
"1",""
"1","2 2 2 2 2 1 1 1 1 1"
"1",""
"1"," ..."
"1",""
"1","
"
"1"," "
"1",""
"1","$ "
"1",""
"1","category   "
"1",""
"1",":"
"1"," Factor w/ 4 levels ""Manager"",""Pioneer/Executive"",..: "
"1",""
"1","3 3 3 3 3 3 3 3 3 3"
"1",""
"1"," ..."
"1",""
"1","
"
"1"," "
"1",""
"1","$ "
"1",""
"1","needed_note"
"1",""
"1",":"
"1"," chr  "
"1",""
"1","NA NA NA NA"
"1",""
"1"," ..."
"1",""
"1","
"
"2","
"
"2","LahmanData:  data.frame
"
"1","'data.frame':	"
"1",""
"1","24"
"1",""
"1"," obs. of  "
"1",""
"1","5"
"1",""
"1"," variable"
"1",""
"1","s"
"1",""
"1",":"
"1",""
"1","
"
"1"," "
"1",""
"1","$ "
"1",""
"1","file "
"1",""
"1",":"
"1"," chr  "
"1",""
"1","""AllstarFull"" ""Appearances"" ""AwardsManagers"" ""AwardsPlayers"""
"1",""
"1"," ..."
"1",""
"1","
"
"1"," "
"1",""
"1","$ "
"1",""
"1","class"
"1",""
"1",":"
"1"," chr  "
"1",""
"1","""data.frame"" ""data.frame"" ""data.frame"" ""data.frame"""
"1",""
"1"," ..."
"1",""
"1","
"
"1"," "
"1",""
"1","$ "
"1",""
"1","nobs "
"1",""
"1",":"
"1"," num  "
"1",""
"1","4993 99466 171 6026 401"
"1",""
"1"," ..."
"1",""
"1","
"
"1"," "
"1",""
"1","$ "
"1",""
"1","nvar "
"1",""
"1",":"
"1"," num  "
"1",""
"1","8 21 6 6 7 7 22 22 3 18"
"1",""
"1"," ..."
"1",""
"1","
"
"1"," "
"1",""
"1","$ "
"1",""
"1","title"
"1",""
"1",":"
"1"," chr  "
"1",""
"1","""AllstarFull table"" ""Appearances table"" ""AwardsManagers table"" ""AwardsPlayers table"""
"1",""
"1"," ..."
"1",""
"1","
"
"2","
"
"2","Managers:  data.frame
"
"1","'data.frame':	"
"1",""
"1","3436"
"1",""
"1"," obs. of  "
"1",""
"1","10"
"1",""
"1"," variable"
"1",""
"1","s"
"1",""
"1",":"
"1",""
"1","
"
"1"," "
"1",""
"1","$ "
"1",""
"1","playerID"
"1",""
"1",":"
"1"," chr  "
"1",""
"1","""wrighha01"" ""woodji01"" ""paborch01"" ""lennobi01"""
"1",""
"1"," ..."
"1",""
"1","
"
"1"," "
"1",""
"1","$ "
"1",""
"1","yearID  "
"1",""
"1",":"
"1"," int  "
"1",""
"1","1871 1871 1871 1871 1871 1871 1871 1871 1871 1871"
"1",""
"1"," ..."
"1",""
"1","
"
"1"," "
"1",""
"1","$ "
"1",""
"1","teamID  "
"1",""
"1",":"
"1"," Factor w/ 149 levels ""ALT"",""ANA"",""ARI"",..: "
"1",""
"1","24 31 39 56 56 90 97 111 136 136"
"1",""
"1"," ..."
"1",""
"1","
"
"1"," "
"1",""
"1","$ "
"1",""
"1","lgID    "
"1",""
"1",":"
"1"," Factor w/ 7 levels ""AA"",""AL"",""FL"",..: "
"1",""
"1","4 4 4 4 4 4 4 4 4 4"
"1",""
"1"," ..."
"1",""
"1","
"
"1"," "
"1",""
"1","$ "
"1",""
"1","inseason"
"1",""
"1",":"
"1"," int  "
"1",""
"1","1 1 1 1 2 1 1 1 1 2"
"1",""
"1"," ..."
"1",""
"1","
"
"1"," "
"1",""
"1","$ "
"1",""
"1","G       "
"1",""
"1",":"
"1"," int  "
"1",""
"1","31 28 29 14 5 33 28 25 4 25"
"1",""
"1"," ..."
"1",""
"1","
"
"1"," "
"1",""
"1","$ "
"1",""
"1","W       "
"1",""
"1",":"
"1"," int  "
"1",""
"1","20 19 10 5 2 16 21 4 1 12"
"1",""
"1"," ..."
"1",""
"1","
"
"1"," "
"1",""
"1","$ "
"1",""
"1","L       "
"1",""
"1",":"
"1"," int  "
"1",""
"1","10 9 19 9 3 17 7 21 3 12"
"1",""
"1"," ..."
"1",""
"1","
"
"1"," "
"1",""
"1","$ "
"1",""
"1","rank    "
"1",""
"1",":"
"1"," int  "
"1",""
"1","3 2 8 8 8 5 1 9 6 6"
"1",""
"1"," ..."
"1",""
"1","
"
"1"," "
"1",""
"1","$ "
"1",""
"1","plyrMgr "
"1",""
"1",":"
"1"," Factor w/ 2 levels ""N"",""Y"": "
"1",""
"1","2 2 2 2 2 2 2 2 2 2"
"1",""
"1"," ..."
"1",""
"1","
"
"2","
"
"2","ManagersHalf:  data.frame
"
"1","'data.frame':	"
"1",""
"1","93"
"1",""
"1"," obs. of  "
"1",""
"1","10"
"1",""
"1"," variable"
"1",""
"1","s"
"1",""
"1",":"
"1",""
"1","
"
"1"," "
"1",""
"1","$ "
"1",""
"1","playerID"
"1",""
"1",":"
"1"," chr  "
"1",""
"1","""hanlone01"" ""hanlone01"" ""vanhage01"" ""waltzjo99"""
"1",""
"1"," ..."
"1",""
"1","
"
"1"," "
"1",""
"1","$ "
"1",""
"1","yearID  "
"1",""
"1",":"
"1"," int  "
"1",""
"1","1892 1892 1892 1892 1892 1892 1892 1892 1892 1892"
"1",""
"1"," ..."
"1",""
"1","
"
"1"," "
"1",""
"1","$ "
"1",""
"1","teamID  "
"1",""
"1",":"
"1"," Factor w/ 33 levels ""ATL"",""BAL"",""BLN"",..: "
"1",""
"1","3 3 3 3 5 5 6 6 9 9"
"1",""
"1"," ..."
"1",""
"1","
"
"1"," "
"1",""
"1","$ "
"1",""
"1","lgID    "
"1",""
"1",":"
"1"," Factor w/ 2 levels ""AL"",""NL"": "
"1",""
"1","2 2 2 2 2 2 2 2 2 2"
"1",""
"1"," ..."
"1",""
"1","
"
"1"," "
"1",""
"1","$ "
"1",""
"1","inseason"
"1",""
"1",":"
"1"," int  "
"1",""
"1","3 3 1 2 1 1 1 1 1 1"
"1",""
"1"," ..."
"1",""
"1","
"
"1"," "
"1",""
"1","$ "
"1",""
"1","half    "
"1",""
"1",":"
"1"," int  "
"1",""
"1","1 2 1 1 1 2 1 2 1 2"
"1",""
"1"," ..."
"1",""
"1","
"
"1"," "
"1",""
"1","$ "
"1",""
"1","G       "
"1",""
"1",":"
"1"," int  "
"1",""
"1","56 77 11 8 78 80 75 77 71 76"
"1",""
"1"," ..."
"1",""
"1","
"
"1"," "
"1",""
"1","$ "
"1",""
"1","W       "
"1",""
"1",":"
"1"," int  "
"1",""
"1","17 26 1 2 51 44 52 50 31 39"
"1",""
"1"," ..."
"1",""
"1","
"
"1"," "
"1",""
"1","$ "
"1",""
"1","L       "
"1",""
"1",":"
"1"," int  "
"1",""
"1","39 46 10 6 26 33 22 26 39 37"
"1",""
"1"," ..."
"1",""
"1","
"
"1"," "
"1",""
"1","$ "
"1",""
"1","rank    "
"1",""
"1",":"
"1"," int  "
"1",""
"1","12 10 12 12 2 3 1 2 8 7"
"1",""
"1"," ..."
"1",""
"1","
"
"2","
"
"2","Master:  data.frame
"
"1","'data.frame':	"
"1",""
"1","19105"
"1",""
"1"," obs. of  "
"1",""
"1","26"
"1",""
"1"," variable"
"1",""
"1","s"
"1",""
"1",":"
"1",""
"1","
"
"1"," "
"1",""
"1","$ "
"1",""
"1","playerID    "
"1",""
"1",":"
"1"," chr  "
"1",""
"1","""aardsda01"" ""aaronha01"" ""aaronto01"" ""aasedo01"""
"1",""
"1"," ..."
"1",""
"1","
"
"1"," "
"1",""
"1","$ "
"1",""
"1","birthYear   "
"1",""
"1",":"
"1"," int  "
"1",""
"1","1981 1934 1939 1954 1972 1985 1850 1877 1869 1866"
"1",""
"1"," ..."
"1",""
"1","
"
"1"," "
"1",""
"1","$ "
"1",""
"1","birthMonth  "
"1",""
"1",":"
"1"," int  "
"1",""
"1","12 2 8 9 8 12 11 4 11 10"
"1",""
"1"," ..."
"1",""
"1","
"
"1"," "
"1",""
"1","$ "
"1",""
"1","birthDay    "
"1",""
"1",":"
"1"," int  "
"1",""
"1","27 5 5 8 25 17 4 15 11 14"
"1",""
"1"," ..."
"1",""
"1","
"
"1"," "
"1",""
"1","$ "
"1",""
"1","birthCountry"
"1",""
"1",":"
"1"," chr  "
"1",""
"1","""USA"" ""USA"" ""USA"" ""USA"""
"1",""
"1"," ..."
"1",""
"1","
"
"1"," "
"1",""
"1","$ "
"1",""
"1","birthState  "
"1",""
"1",":"
"1"," chr  "
"1",""
"1","""CO"" ""AL"" ""AL"" ""CA"""
"1",""
"1"," ..."
"1",""
"1","
"
"1"," "
"1",""
"1","$ "
"1",""
"1","birthCity   "
"1",""
"1",":"
"1"," chr  "
"1",""
"1","""Denver"" ""Mobile"" ""Mobile"" ""Orange"""
"1",""
"1"," ..."
"1",""
"1","
"
"1"," "
"1",""
"1","$ "
"1",""
"1","deathYear   "
"1",""
"1",":"
"1"," int  "
"1",""
"1","NA NA 1984 NA NA NA 1905 1957 1962 1926"
"1",""
"1"," ..."
"1",""
"1","
"
"1"," "
"1",""
"1","$ "
"1",""
"1","deathMonth  "
"1",""
"1",":"
"1"," int  "
"1",""
"1","NA NA 8 NA NA NA 5 1 6 4"
"1",""
"1"," ..."
"1",""
"1","
"
"1"," "
"1",""
"1","$ "
"1",""
"1","deathDay    "
"1",""
"1",":"
"1"," int  "
"1",""
"1","NA NA 16 NA NA NA 17 6 11 27"
"1",""
"1"," ..."
"1",""
"1","
"
"1"," "
"1",""
"1","$ "
"1",""
"1","deathCountry"
"1",""
"1",":"
"1"," chr  "
"1",""
"1","NA NA ""USA"" NA"
"1",""
"1"," ..."
"1",""
"1","
"
"1"," "
"1",""
"1","$ "
"1",""
"1","deathState  "
"1",""
"1",":"
"1"," chr  "
"1",""
"1","NA NA ""GA"" NA"
"1",""
"1"," ..."
"1",""
"1","
"
"1"," "
"1",""
"1","$ "
"1",""
"1","deathCity   "
"1",""
"1",":"
"1"," chr  "
"1",""
"1","NA NA ""Atlanta"" NA"
"1",""
"1"," ..."
"1",""
"1","
"
"1"," "
"1",""
"1","$ "
"1",""
"1","nameFirst   "
"1",""
"1",":"
"1"," chr  "
"1",""
"1","""David"" ""Hank"" ""Tommie"" ""Don"""
"1",""
"1"," ..."
"1",""
"1","
"
"1"," "
"1",""
"1","$ "
"1",""
"1","nameLast    "
"1",""
"1",":"
"1"," chr  "
"1",""
"1","""Aardsma"" ""Aaron"" ""Aaron"" ""Aase"""
"1",""
"1"," ..."
"1",""
"1","
"
"1"," "
"1",""
"1","$ "
"1",""
"1","nameGiven   "
"1",""
"1",":"
"1"," chr  "
"1",""
"1","""David Allan"" ""Henry Louis"" ""Tommie Lee"" ""Donald William"""
"1",""
"1"," ..."
"1",""
"1","
"
"1"," "
"1",""
"1","$ "
"1",""
"1","weight      "
"1",""
"1",":"
"1"," int  "
"1",""
"1","215 180 190 190 184 220 192 170 175 169"
"1",""
"1"," ..."
"1",""
"1","
"
"1"," "
"1",""
"1","$ "
"1",""
"1","height      "
"1",""
"1",":"
"1"," int  "
"1",""
"1","75 72 75 75 73 73 72 71 71 68"
"1",""
"1"," ..."
"1",""
"1","
"
"1"," "
"1",""
"1","$ "
"1",""
"1","bats        "
"1",""
"1",":"
"1"," Factor w/ 3 levels ""B"",""L"",""R"": "
"1",""
"1","3 3 3 3 2 2 3 3 3 2"
"1",""
"1"," ..."
"1",""
"1","
"
"1"," "
"1",""
"1","$ "
"1",""
"1","throws      "
"1",""
"1",":"
"1"," Factor w/ 3 levels ""L"",""R"",""S"": "
"1",""
"1","2 2 2 2 1 1 2 2 2 1"
"1",""
"1"," ..."
"1",""
"1","
"
"1"," "
"1",""
"1","$ "
"1",""
"1","debut       "
"1",""
"1",":"
"1"," chr  "
"1",""
"1","""2004-04-06"" ""1954-04-13"" ""1962-04-10"" ""1977-07-26"""
"1",""
"1"," ..."
"1",""
"1","
"
"1"," "
"1",""
"1","$ "
"1",""
"1","finalGame   "
"1",""
"1",":"
"1"," chr  "
"1",""
"1","""2015-08-23"" ""1976-10-03"" ""1971-09-26"" ""1990-10-03"""
"1",""
"1"," ..."
"1",""
"1","
"
"1"," "
"1",""
"1","$ "
"1",""
"1","retroID     "
"1",""
"1",":"
"1"," chr  "
"1",""
"1","""aardd001"" ""aaroh101"" ""aarot101"" ""aased001"""
"1",""
"1"," ..."
"1",""
"1","
"
"1"," "
"1",""
"1","$ "
"1",""
"1","bbrefID     "
"1",""
"1",":"
"1"," chr  "
"1",""
"1","""aardsda01"" ""aaronha01"" ""aaronto01"" ""aasedo01"""
"1",""
"1"," ..."
"1",""
"1","
"
"1"," "
"1",""
"1","$ "
"1",""
"1","deathDate   "
"1",""
"1",":"
"1"," "
"1",""
"1","Date"
"1",""
"1",", format: "
"1",""
"1","NA NA ""1984-08-16"""
"1",""
"1"," ..."
"1",""
"1","
"
"1"," "
"1",""
"1","$ "
"1",""
"1","birthDate   "
"1",""
"1",":"
"1"," "
"1",""
"1","Date"
"1",""
"1",", format: "
"1",""
"1","""1981-12-27"" ""1934-02-05"" ""1939-08-05"""
"1",""
"1"," ..."
"1",""
"1","
"
"2","
"
"2","Pitching:  data.frame
"
"1","'data.frame':	"
"1",""
"1","44963"
"1",""
"1"," obs. of  "
"1",""
"1","30"
"1",""
"1"," variable"
"1",""
"1","s"
"1",""
"1",":"
"1",""
"1","
"
"1"," "
"1",""
"1","$ "
"1",""
"1","playerID"
"1",""
"1",":"
"1"," chr  "
"1",""
"1","""bechtge01"" ""brainas01"" ""fergubo01"" ""fishech01"""
"1",""
"1"," ..."
"1",""
"1","
"
"1"," "
"1",""
"1","$ "
"1",""
"1","yearID  "
"1",""
"1",":"
"1"," int  "
"1",""
"1","1871 1871 1871 1871 1871 1871 1871 1871 1871 1871"
"1",""
"1"," ..."
"1",""
"1","
"
"1"," "
"1",""
"1","$ "
"1",""
"1","stint   "
"1",""
"1",":"
"1"," int  "
"1",""
"1","1 1 1 1 1 1 1 1 1 1"
"1",""
"1"," ..."
"1",""
"1","
"
"1"," "
"1",""
"1","$ "
"1",""
"1","teamID  "
"1",""
"1",":"
"1"," Factor w/ 149 levels ""ALT"",""ANA"",""ARI"",..: "
"1",""
"1","97 142 90 111 90 136 111 56 97 136"
"1",""
"1"," ..."
"1",""
"1","
"
"1"," "
"1",""
"1","$ "
"1",""
"1","lgID    "
"1",""
"1",":"
"1"," Factor w/ 7 levels ""AA"",""AL"",""FL"",..: "
"1",""
"1","4 4 4 4 4 4 4 4 4 4"
"1",""
"1"," ..."
"1",""
"1","
"
"1"," "
"1",""
"1","$ "
"1",""
"1","W       "
"1",""
"1",":"
"1"," int  "
"1",""
"1","1 12 0 4 0 0 0 6 18 12"
"1",""
"1"," ..."
"1",""
"1","
"
"1"," "
"1",""
"1","$ "
"1",""
"1","L       "
"1",""
"1",":"
"1"," int  "
"1",""
"1","2 15 0 16 1 0 1 11 5 15"
"1",""
"1"," ..."
"1",""
"1","
"
"1"," "
"1",""
"1","$ "
"1",""
"1","G       "
"1",""
"1",":"
"1"," int  "
"1",""
"1","3 30 1 24 1 1 3 19 25 29"
"1",""
"1"," ..."
"1",""
"1","
"
"1"," "
"1",""
"1","$ "
"1",""
"1","GS      "
"1",""
"1",":"
"1"," int  "
"1",""
"1","3 30 0 24 1 0 1 19 25 29"
"1",""
"1"," ..."
"1",""
"1","
"
"1"," "
"1",""
"1","$ "
"1",""
"1","CG      "
"1",""
"1",":"
"1"," int  "
"1",""
"1","2 30 0 22 1 0 1 19 25 28"
"1",""
"1"," ..."
"1",""
"1","
"
"1"," "
"1",""
"1","$ "
"1",""
"1","SHO     "
"1",""
"1",":"
"1"," int  "
"1",""
"1","0 0 0 1 0 0 0 1 0 0"
"1",""
"1"," ..."
"1",""
"1","
"
"1"," "
"1",""
"1","$ "
"1",""
"1","SV      "
"1",""
"1",":"
"1"," int  "
"1",""
"1","0 0 0 0 0 0 0 0 0 0"
"1",""
"1"," ..."
"1",""
"1","
"
"1"," "
"1",""
"1","$ "
"1",""
"1","IPouts  "
"1",""
"1",":"
"1"," int  "
"1",""
"1","78 792 3 639 27 3 39 507 666 747"
"1",""
"1"," ..."
"1",""
"1","
"
"1"," "
"1",""
"1","$ "
"1",""
"1","H       "
"1",""
"1",":"
"1"," int  "
"1",""
"1","43 361 8 295 20 1 20 261 285 430"
"1",""
"1"," ..."
"1",""
"1","
"
"1"," "
"1",""
"1","$ "
"1",""
"1","ER      "
"1",""
"1",":"
"1"," int  "
"1",""
"1","23 132 3 103 10 0 5 97 113 153"
"1",""
"1"," ..."
"1",""
"1","
"
"1"," "
"1",""
"1","$ "
"1",""
"1","HR      "
"1",""
"1",":"
"1"," int  "
"1",""
"1","0 4 0 3 0 0 0 5 3 4"
"1",""
"1"," ..."
"1",""
"1","
"
"1"," "
"1",""
"1","$ "
"1",""
"1","BB      "
"1",""
"1",":"
"1"," int  "
"1",""
"1","11 37 0 31 3 0 3 21 40 75"
"1",""
"1"," ..."
"1",""
"1","
"
"1"," "
"1",""
"1","$ "
"1",""
"1","SO      "
"1",""
"1",":"
"1"," int  "
"1",""
"1","1 13 0 15 0 0 1 17 15 12"
"1",""
"1"," ..."
"1",""
"1","
"
"1"," "
"1",""
"1","$ "
"1",""
"1","BAOpp   "
"1",""
"1",":"
"1"," num  "
"1",""
"1","NA NA NA NA NA NA NA NA NA NA"
"1",""
"1"," ..."
"1",""
"1","
"
"1"," "
"1",""
"1","$ "
"1",""
"1","ERA     "
"1",""
"1",":"
"1"," num  "
"1",""
"1","7.96 4.5 27 4.35 10 0 3.46 5.17 4.58 5.53"
"1",""
"1"," ..."
"1",""
"1","
"
"1"," "
"1",""
"1","$ "
"1",""
"1","IBB     "
"1",""
"1",":"
"1"," int  "
"1",""
"1","NA NA NA NA NA NA NA NA NA NA"
"1",""
"1"," ..."
"1",""
"1","
"
"1"," "
"1",""
"1","$ "
"1",""
"1","WP      "
"1",""
"1",":"
"1"," int  "
"1",""
"1","NA NA NA NA NA NA NA NA NA NA"
"1",""
"1"," ..."
"1",""
"1","
"
"1"," "
"1",""
"1","$ "
"1",""
"1","HBP     "
"1",""
"1",":"
"1"," int  "
"1",""
"1","NA NA NA NA NA NA NA NA NA NA"
"1",""
"1"," ..."
"1",""
"1","
"
"1"," "
"1",""
"1","$ "
"1",""
"1","BK      "
"1",""
"1",":"
"1"," int  "
"1",""
"1","0 0 0 0 0 0 0 2 0 0"
"1",""
"1"," ..."
"1",""
"1","
"
"1"," "
"1",""
"1","$ "
"1",""
"1","BFP     "
"1",""
"1",":"
"1"," int  "
"1",""
"1","NA NA NA NA NA NA NA NA NA NA"
"1",""
"1"," ..."
"1",""
"1","
"
"1"," "
"1",""
"1","$ "
"1",""
"1","GF      "
"1",""
"1",":"
"1"," int  "
"1",""
"1","NA NA NA NA NA NA NA NA NA NA"
"1",""
"1"," ..."
"1",""
"1","
"
"1"," "
"1",""
"1","$ "
"1",""
"1","R       "
"1",""
"1",":"
"1"," int  "
"1",""
"1","42 292 9 257 21 0 30 243 223 362"
"1",""
"1"," ..."
"1",""
"1","
"
"1"," "
"1",""
"1","$ "
"1",""
"1","SH      "
"1",""
"1",":"
"1"," int  "
"1",""
"1","NA NA NA NA NA NA NA NA NA NA"
"1",""
"1"," ..."
"1",""
"1","
"
"1"," "
"1",""
"1","$ "
"1",""
"1","SF      "
"1",""
"1",":"
"1"," int  "
"1",""
"1","NA NA NA NA NA NA NA NA NA NA"
"1",""
"1"," ..."
"1",""
"1","
"
"1"," "
"1",""
"1","$ "
"1",""
"1","GIDP    "
"1",""
"1",":"
"1"," int  "
"1",""
"1","NA NA NA NA NA NA NA NA NA NA"
"1",""
"1"," ..."
"1",""
"1","
"
"2","
"
"2","pitchingLabels:  data.frame
"
"1","'data.frame':	"
"1",""
"1","30"
"1",""
"1"," obs. of  "
"1",""
"1","2"
"1",""
"1"," variable"
"1",""
"1","s"
"1",""
"1",":"
"1",""
"1","
"
"1"," "
"1",""
"1","$ "
"1",""
"1","variable"
"1",""
"1",":"
"1"," chr  "
"1",""
"1","""playerID"" ""yearID"" ""stint"" ""teamID"""
"1",""
"1"," ..."
"1",""
"1","
"
"1"," "
"1",""
"1","$ "
"1",""
"1","label   "
"1",""
"1",":"
"1"," chr  "
"1",""
"1","""Player ID code"" ""Year"" ""Player's stint"" ""Team"""
"1",""
"1"," ..."
"1",""
"1","
"
"2","
"
"2","PitchingPost:  data.frame
"
"1","'data.frame':	"
"1",""
"1","5271"
"1",""
"1"," obs. of  "
"1",""
"1","30"
"1",""
"1"," variable"
"1",""
"1","s"
"1",""
"1",":"
"1",""
"1","
"
"1"," "
"1",""
"1","$ "
"1",""
"1","playerID"
"1",""
"1",":"
"1"," chr  "
"1",""
"1","""becanbu01"" ""keefeti01"" ""radboch01"" ""carutbo01"""
"1",""
"1"," ..."
"1",""
"1","
"
"1"," "
"1",""
"1","$ "
"1",""
"1","yearID  "
"1",""
"1",":"
"1"," int  "
"1",""
"1","1884 1884 1884 1885 1885 1885 1885 1886 1886 1886"
"1",""
"1"," ..."
"1",""
"1","
"
"1"," "
"1",""
"1","$ "
"1",""
"1","round   "
"1",""
"1",":"
"1"," chr  "
"1",""
"1","""WS"" ""WS"" ""WS"" ""WS"""
"1",""
"1"," ..."
"1",""
"1","
"
"1"," "
"1",""
"1","$ "
"1",""
"1","teamID  "
"1",""
"1",":"
"1"," Factor w/ 48 levels ""ANA"",""ARI"",""ATL"",..: "
"1",""
"1","30 30 37 41 11 41 11 41 11 41"
"1",""
"1"," ..."
"1",""
"1","
"
"1"," "
"1",""
"1","$ "
"1",""
"1","lgID    "
"1",""
"1",":"
"1"," Factor w/ 3 levels ""AA"",""AL"",""NL"": "
"1",""
"1","1 1 3 1 3 1 3 1 3 1"
"1",""
"1"," ..."
"1",""
"1","
"
"1"," "
"1",""
"1","$ "
"1",""
"1","W       "
"1",""
"1",":"
"1"," int  "
"1",""
"1","0 0 3 1 0 2 3 2 2 1"
"1",""
"1"," ..."
"1",""
"1","
"
"1"," "
"1",""
"1","$ "
"1",""
"1","L       "
"1",""
"1",":"
"1"," int  "
"1",""
"1","1 2 0 1 1 2 2 1 2 1"
"1",""
"1"," ..."
"1",""
"1","
"
"1"," "
"1",""
"1","$ "
"1",""
"1","G       "
"1",""
"1",":"
"1"," int  "
"1",""
"1","1 2 3 3 2 4 5 3 4 2"
"1",""
"1"," ..."
"1",""
"1","
"
"1"," "
"1",""
"1","$ "
"1",""
"1","GS      "
"1",""
"1",":"
"1"," int  "
"1",""
"1","1 2 3 3 2 4 5 3 4 2"
"1",""
"1"," ..."
"1",""
"1","
"
"1"," "
"1",""
"1","$ "
"1",""
"1","CG      "
"1",""
"1",":"
"1"," int  "
"1",""
"1","1 2 3 3 2 4 5 3 3 2"
"1",""
"1"," ..."
"1",""
"1","
"
"1"," "
"1",""
"1","$ "
"1",""
"1","SHO     "
"1",""
"1",":"
"1"," int  "
"1",""
"1","0 0 1 0 0 0 0 1 1 0"
"1",""
"1"," ..."
"1",""
"1","
"
"1"," "
"1",""
"1","$ "
"1",""
"1","SV      "
"1",""
"1",":"
"1"," int  "
"1",""
"1","0 0 0 0 0 0 0 0 0 0"
"1",""
"1"," ..."
"1",""
"1","
"
"1"," "
"1",""
"1","$ "
"1",""
"1","IPouts  "
"1",""
"1",":"
"1"," int  "
"1",""
"1","18 45 66 78 48 87 108 78 93 45"
"1",""
"1"," ..."
"1",""
"1","
"
"1"," "
"1",""
"1","$ "
"1",""
"1","H       "
"1",""
"1",":"
"1"," int  "
"1",""
"1","9 10 11 25 15 30 27 18 25 16"
"1",""
"1"," ..."
"1",""
"1","
"
"1"," "
"1",""
"1","$ "
"1",""
"1","ER      "
"1",""
"1",":"
"1"," int  "
"1",""
"1","7 6 0 7 2 2 8 7 7 6"
"1",""
"1"," ..."
"1",""
"1","
"
"1"," "
"1",""
"1","$ "
"1",""
"1","HR      "
"1",""
"1",":"
"1"," int  "
"1",""
"1","0 1 0 1 0 1 0 3 0 0"
"1",""
"1"," ..."
"1",""
"1","
"
"1"," "
"1",""
"1","$ "
"1",""
"1","BB      "
"1",""
"1",":"
"1"," int  "
"1",""
"1","2 3 0 4 1 9 6 6 12 6"
"1",""
"1"," ..."
"1",""
"1","
"
"1"," "
"1",""
"1","$ "
"1",""
"1","SO      "
"1",""
"1",":"
"1"," int  "
"1",""
"1","1 12 17 16 15 14 19 12 28 7"
"1",""
"1"," ..."
"1",""
"1","
"
"1"," "
"1",""
"1","$ "
"1",""
"1","BAOpp   "
"1",""
"1",":"
"1"," num  "
"1",""
"1","NA NA NA NA NA NA NA NA NA NA"
"1",""
"1"," ..."
"1",""
"1","
"
"1"," "
"1",""
"1","$ "
"1",""
"1","ERA     "
"1",""
"1",":"
"1"," num  "
"1",""
"1","10.5 3.6 0 2.42 1.13 0.62 2 2.42 2.03 3.6"
"1",""
"1"," ..."
"1",""
"1","
"
"1"," "
"1",""
"1","$ "
"1",""
"1","IBB     "
"1",""
"1",":"
"1"," int  "
"1",""
"1","NA NA NA NA NA NA NA NA NA NA"
"1",""
"1"," ..."
"1",""
"1","
"
"1"," "
"1",""
"1","$ "
"1",""
"1","WP      "
"1",""
"1",":"
"1"," int  "
"1",""
"1","NA NA NA NA NA NA NA NA NA NA"
"1",""
"1"," ..."
"1",""
"1","
"
"1"," "
"1",""
"1","$ "
"1",""
"1","HBP     "
"1",""
"1",":"
"1"," int  "
"1",""
"1","NA NA NA NA NA NA NA NA NA NA"
"1",""
"1"," ..."
"1",""
"1","
"
"1"," "
"1",""
"1","$ "
"1",""
"1","BK      "
"1",""
"1",":"
"1"," int  "
"1",""
"1","NA NA NA NA NA NA NA NA NA NA"
"1",""
"1"," ..."
"1",""
"1","
"
"1"," "
"1",""
"1","$ "
"1",""
"1","BFP     "
"1",""
"1",":"
"1"," int  "
"1",""
"1","NA NA NA NA NA NA NA NA NA NA"
"1",""
"1"," ..."
"1",""
"1","
"
"1"," "
"1",""
"1","$ "
"1",""
"1","GF      "
"1",""
"1",":"
"1"," int  "
"1",""
"1","0 0 0 0 0 0 0 0 0 0"
"1",""
"1"," ..."
"1",""
"1","
"
"1"," "
"1",""
"1","$ "
"1",""
"1","R       "
"1",""
"1",":"
"1"," int  "
"1",""
"1","12 9 3 18 14 20 22 14 15 11"
"1",""
"1"," ..."
"1",""
"1","
"
"1"," "
"1",""
"1","$ "
"1",""
"1","SH      "
"1",""
"1",":"
"1"," int  "
"1",""
"1","NA NA NA NA NA NA NA NA NA NA"
"1",""
"1"," ..."
"1",""
"1","
"
"1"," "
"1",""
"1","$ "
"1",""
"1","SF      "
"1",""
"1",":"
"1"," int  "
"1",""
"1","NA NA NA NA NA NA NA NA NA NA"
"1",""
"1"," ..."
"1",""
"1","
"
"1"," "
"1",""
"1","$ "
"1",""
"1","GIDP    "
"1",""
"1",":"
"1"," num  "
"1",""
"1","NA NA NA NA NA NA NA NA NA NA"
"1",""
"1"," ..."
"1",""
"1","
"
"2","
"
"2","Salaries:  data.frame
"
"1","'data.frame':	"
"1",""
"1","26428"
"1",""
"1"," obs. of  "
"1",""
"1","5"
"1",""
"1"," variable"
"1",""
"1","s"
"1",""
"1",":"
"1",""
"1","
"
"1"," "
"1",""
"1","$ "
"1",""
"1","yearID  "
"1",""
"1",":"
"1"," int  "
"1",""
"1","1985 1985 1985 1985 1985 1985 1985 1985 1985 1985"
"1",""
"1"," ..."
"1",""
"1","
"
"1"," "
"1",""
"1","$ "
"1",""
"1","teamID  "
"1",""
"1",":"
"1"," Factor w/ 46 levels ""ANA"",""ARI"",""ATL"",..: "
"1",""
"1","3 3 3 3 3 3 3 3 3 3"
"1",""
"1"," ..."
"1",""
"1","
"
"1"," "
"1",""
"1","$ "
"1",""
"1","lgID    "
"1",""
"1",":"
"1"," Factor w/ 2 levels ""AL"",""NL"": "
"1",""
"1","2 2 2 2 2 2 2 2 2 2"
"1",""
"1"," ..."
"1",""
"1","
"
"1"," "
"1",""
"1","$ "
"1",""
"1","playerID"
"1",""
"1",":"
"1"," chr  "
"1",""
"1","""barkele01"" ""bedrost01"" ""benedbr01"" ""campri01"""
"1",""
"1"," ..."
"1",""
"1","
"
"1"," "
"1",""
"1","$ "
"1",""
"1","salary  "
"1",""
"1",":"
"1"," int  "
"1",""
"1","870000 550000 545000 633333 625000 800000 150000 483333 772000 250000"
"1",""
"1"," ..."
"1",""
"1","
"
"2","
"
"2","Schools:  data.frame
"
"1","'data.frame':	"
"1",""
"1","1207"
"1",""
"1"," obs. of  "
"1",""
"1","5"
"1",""
"1"," variable"
"1",""
"1","s"
"1",""
"1",":"
"1",""
"1","
"
"1"," "
"1",""
"1","$ "
"1",""
"1","schoolID "
"1",""
"1",":"
"1"," chr  "
"1",""
"1","""abilchrist"" ""adelphi"" ""adrianmi"" ""akron"""
"1",""
"1"," ..."
"1",""
"1","
"
"1"," "
"1",""
"1","$ "
"1",""
"1","name_full"
"1",""
"1",":"
"1"," chr  "
"1",""
"1","""Abilene Christian University"" ""Adelphi University"" ""Adrian College"" ""University of Akron"""
"1",""
"1"," ..."
"1",""
"1","
"
"1"," "
"1",""
"1","$ "
"1",""
"1","city     "
"1",""
"1",":"
"1"," chr  "
"1",""
"1","""Abilene"" ""Garden City"" ""Adrian"" ""Akron"""
"1",""
"1"," ..."
"1",""
"1","
"
"1"," "
"1",""
"1","$ "
"1",""
"1","state    "
"1",""
"1",":"
"1"," chr  "
"1",""
"1","""TX"" ""NY"" ""MI"" ""OH"""
"1",""
"1"," ..."
"1",""
"1","
"
"1"," "
"1",""
"1","$ "
"1",""
"1","country  "
"1",""
"1",":"
"1"," chr  "
"1",""
"1","""USA"" ""USA"" ""USA"" ""USA"""
"1",""
"1"," ..."
"1",""
"1","
"
"2","
"
"2","SeriesPost:  data.frame
"
"1","'data.frame':	"
"1",""
"1","316"
"1",""
"1"," obs. of  "
"1",""
"1","9"
"1",""
"1"," variable"
"1",""
"1","s"
"1",""
"1",":"
"1",""
"1","
"
"1"," "
"1",""
"1","$ "
"1",""
"1","yearID      "
"1",""
"1",":"
"1"," int  "
"1",""
"1","1884 1885 1886 1887 1888 1889 1890 1892 1903 1905"
"1",""
"1"," ..."
"1",""
"1","
"
"1"," "
"1",""
"1","$ "
"1",""
"1","round       "
"1",""
"1",":"
"1"," chr  "
"1",""
"1","""WS"" ""WS"" ""WS"" ""WS"""
"1",""
"1"," ..."
"1",""
"1","
"
"1"," "
"1",""
"1","$ "
"1",""
"1","teamIDwinner"
"1",""
"1",":"
"1"," Factor w/ 41 levels ""ANA"",""ARI"",""ATL"",..: "
"1",""
"1","32 9 36 14 25 25 6 7 5 25"
"1",""
"1"," ..."
"1",""
"1","
"
"1"," "
"1",""
"1","$ "
"1",""
"1","lgIDwinner  "
"1",""
"1",":"
"1"," Factor w/ 3 levels ""AA"",""AL"",""NL"": "
"1",""
"1","3 3 1 3 3 3 3 3 2 3"
"1",""
"1"," ..."
"1",""
"1","
"
"1"," "
"1",""
"1","$ "
"1",""
"1","teamIDloser "
"1",""
"1",":"
"1"," Factor w/ 45 levels ""ANA"",""ARI"",""ATL"",..: "
"1",""
"1","28 38 11 38 38 6 21 13 34 32"
"1",""
"1"," ..."
"1",""
"1","
"
"1"," "
"1",""
"1","$ "
"1",""
"1","lgIDloser   "
"1",""
"1",":"
"1"," Factor w/ 3 levels ""AA"",""AL"",""NL"": "
"1",""
"1","1 1 3 1 1 1 1 3 3 2"
"1",""
"1"," ..."
"1",""
"1","
"
"1"," "
"1",""
"1","$ "
"1",""
"1","wins        "
"1",""
"1",":"
"1"," int  "
"1",""
"1","3 3 4 10 6 6 3 5 5 4"
"1",""
"1"," ..."
"1",""
"1","
"
"1"," "
"1",""
"1","$ "
"1",""
"1","losses      "
"1",""
"1",":"
"1"," int  "
"1",""
"1","0 3 2 5 4 3 3 0 3 1"
"1",""
"1"," ..."
"1",""
"1","
"
"1"," "
"1",""
"1","$ "
"1",""
"1","ties        "
"1",""
"1",":"
"1"," int  "
"1",""
"1","0 1 0 0 0 0 1 1 0 0"
"1",""
"1"," ..."
"1",""
"1","
"
"2","
"
"2","Teams:  data.frame
"
"1","'data.frame':	"
"1",""
"1","2835"
"1",""
"1"," obs. of  "
"1",""
"1","48"
"1",""
"1"," variable"
"1",""
"1","s"
"1",""
"1",":"
"1",""
"1","
"
"1"," "
"1",""
"1","$ "
"1",""
"1","yearID        "
"1",""
"1",":"
"1"," int  "
"1",""
"1","1871 1871 1871 1871 1871 1871 1871 1871 1871 1872"
"1",""
"1"," ..."
"1",""
"1","
"
"1"," "
"1",""
"1","$ "
"1",""
"1","lgID          "
"1",""
"1",":"
"1"," Factor w/ 7 levels ""AA"",""AL"",""FL"",..: "
"1",""
"1","4 4 4 4 4 4 4 4 4 4"
"1",""
"1"," ..."
"1",""
"1","
"
"1"," "
"1",""
"1","$ "
"1",""
"1","teamID        "
"1",""
"1",":"
"1"," Factor w/ 149 levels ""ALT"",""ANA"",""ARI"",..: "
"1",""
"1","24 31 39 56 90 97 111 136 142 8"
"1",""
"1"," ..."
"1",""
"1","
"
"1"," "
"1",""
"1","$ "
"1",""
"1","franchID      "
"1",""
"1",":"
"1"," Factor w/ 120 levels ""ALT"",""ANA"",""ARI"",..: "
"1",""
"1","13 36 25 56 70 85 91 109 77 9"
"1",""
"1"," ..."
"1",""
"1","
"
"1"," "
"1",""
"1","$ "
"1",""
"1","divID         "
"1",""
"1",":"
"1"," chr  "
"1",""
"1","NA NA NA NA"
"1",""
"1"," ..."
"1",""
"1","
"
"1"," "
"1",""
"1","$ "
"1",""
"1","Rank          "
"1",""
"1",":"
"1"," int  "
"1",""
"1","3 2 8 7 5 1 9 6 4 2"
"1",""
"1"," ..."
"1",""
"1","
"
"1"," "
"1",""
"1","$ "
"1",""
"1","G             "
"1",""
"1",":"
"1"," int  "
"1",""
"1","31 28 29 19 33 28 25 29 32 58"
"1",""
"1"," ..."
"1",""
"1","
"
"1"," "
"1",""
"1","$ "
"1",""
"1","Ghome         "
"1",""
"1",":"
"1"," int  "
"1",""
"1","NA NA NA NA NA NA NA NA NA NA"
"1",""
"1"," ..."
"1",""
"1","
"
"1"," "
"1",""
"1","$ "
"1",""
"1","W             "
"1",""
"1",":"
"1"," int  "
"1",""
"1","20 19 10 7 16 21 4 13 15 35"
"1",""
"1"," ..."
"1",""
"1","
"
"1"," "
"1",""
"1","$ "
"1",""
"1","L             "
"1",""
"1",":"
"1"," int  "
"1",""
"1","10 9 19 12 17 7 21 15 15 19"
"1",""
"1"," ..."
"1",""
"1","
"
"1"," "
"1",""
"1","$ "
"1",""
"1","DivWin        "
"1",""
"1",":"
"1"," chr  "
"1",""
"1","NA NA NA NA"
"1",""
"1"," ..."
"1",""
"1","
"
"1"," "
"1",""
"1","$ "
"1",""
"1","WCWin         "
"1",""
"1",":"
"1"," chr  "
"1",""
"1","NA NA NA NA"
"1",""
"1"," ..."
"1",""
"1","
"
"1"," "
"1",""
"1","$ "
"1",""
"1","LgWin         "
"1",""
"1",":"
"1"," chr  "
"1",""
"1","""N"" ""N"" ""N"" ""N"""
"1",""
"1"," ..."
"1",""
"1","
"
"1"," "
"1",""
"1","$ "
"1",""
"1","WSWin         "
"1",""
"1",":"
"1"," chr  "
"1",""
"1","NA NA NA NA"
"1",""
"1"," ..."
"1",""
"1","
"
"1"," "
"1",""
"1","$ "
"1",""
"1","R             "
"1",""
"1",":"
"1"," int  "
"1",""
"1","401 302 249 137 302 376 231 351 310 617"
"1",""
"1"," ..."
"1",""
"1","
"
"1"," "
"1",""
"1","$ "
"1",""
"1","AB            "
"1",""
"1",":"
"1"," int  "
"1",""
"1","1372 1196 1186 746 1404 1281 1036 1248 1353 2576"
"1",""
"1"," ..."
"1",""
"1","
"
"1"," "
"1",""
"1","$ "
"1",""
"1","H             "
"1",""
"1",":"
"1"," int  "
"1",""
"1","426 323 328 178 403 410 274 384 375 747"
"1",""
"1"," ..."
"1",""
"1","
"
"1"," "
"1",""
"1","$ "
"1",""
"1","X2B           "
"1",""
"1",":"
"1"," int  "
"1",""
"1","70 52 35 19 43 66 44 51 54 94"
"1",""
"1"," ..."
"1",""
"1","
"
"1"," "
"1",""
"1","$ "
"1",""
"1","X3B           "
"1",""
"1",":"
"1"," int  "
"1",""
"1","37 21 40 8 21 27 25 34 26 35"
"1",""
"1"," ..."
"1",""
"1","
"
"1"," "
"1",""
"1","$ "
"1",""
"1","HR            "
"1",""
"1",":"
"1"," int  "
"1",""
"1","3 10 7 2 1 9 3 6 6 14"
"1",""
"1"," ..."
"1",""
"1","
"
"1"," "
"1",""
"1","$ "
"1",""
"1","BB            "
"1",""
"1",":"
"1"," int  "
"1",""
"1","60 60 26 33 33 46 38 49 48 27"
"1",""
"1"," ..."
"1",""
"1","
"
"1"," "
"1",""
"1","$ "
"1",""
"1","SO            "
"1",""
"1",":"
"1"," int  "
"1",""
"1","19 22 25 9 15 23 30 19 13 28"
"1",""
"1"," ..."
"1",""
"1","
"
"1"," "
"1",""
"1","$ "
"1",""
"1","SB            "
"1",""
"1",":"
"1"," int  "
"1",""
"1","73 69 18 16 46 56 53 62 48 35"
"1",""
"1"," ..."
"1",""
"1","
"
"1"," "
"1",""
"1","$ "
"1",""
"1","CS            "
"1",""
"1",":"
"1"," int  "
"1",""
"1","NA NA NA NA NA NA NA NA NA 15"
"1",""
"1"," ..."
"1",""
"1","
"
"1"," "
"1",""
"1","$ "
"1",""
"1","HBP           "
"1",""
"1",":"
"1"," int  "
"1",""
"1","NA NA NA NA NA NA NA NA NA NA"
"1",""
"1"," ..."
"1",""
"1","
"
"1"," "
"1",""
"1","$ "
"1",""
"1","SF            "
"1",""
"1",":"
"1"," int  "
"1",""
"1","NA NA NA NA NA NA NA NA NA NA"
"1",""
"1"," ..."
"1",""
"1","
"
"1"," "
"1",""
"1","$ "
"1",""
"1","RA            "
"1",""
"1",":"
"1"," int  "
"1",""
"1","303 241 341 243 313 266 287 362 303 434"
"1",""
"1"," ..."
"1",""
"1","
"
"1"," "
"1",""
"1","$ "
"1",""
"1","ER            "
"1",""
"1",":"
"1"," int  "
"1",""
"1","109 77 116 97 121 137 108 153 137 173"
"1",""
"1"," ..."
"1",""
"1","
"
"1"," "
"1",""
"1","$ "
"1",""
"1","ERA           "
"1",""
"1",":"
"1"," num  "
"1",""
"1","3.55 2.76 4.11 5.17 3.72 4.95 4.3 5.51 4.37 3.02"
"1",""
"1"," ..."
"1",""
"1","
"
"1"," "
"1",""
"1","$ "
"1",""
"1","CG            "
"1",""
"1",":"
"1"," int  "
"1",""
"1","22 25 23 19 32 27 23 28 32 48"
"1",""
"1"," ..."
"1",""
"1","
"
"1"," "
"1",""
"1","$ "
"1",""
"1","SHO           "
"1",""
"1",":"
"1"," int  "
"1",""
"1","1 0 0 1 1 0 1 0 0 1"
"1",""
"1"," ..."
"1",""
"1","
"
"1"," "
"1",""
"1","$ "
"1",""
"1","SV            "
"1",""
"1",":"
"1"," int  "
"1",""
"1","3 1 0 0 0 0 0 0 0 1"
"1",""
"1"," ..."
"1",""
"1","
"
"1"," "
"1",""
"1","$ "
"1",""
"1","IPouts        "
"1",""
"1",":"
"1"," int  "
"1",""
"1","828 753 762 507 879 747 678 750 846 1545"
"1",""
"1"," ..."
"1",""
"1","
"
"1"," "
"1",""
"1","$ "
"1",""
"1","HA            "
"1",""
"1",":"
"1"," int  "
"1",""
"1","367 308 346 261 373 329 315 431 371 566"
"1",""
"1"," ..."
"1",""
"1","
"
"1"," "
"1",""
"1","$ "
"1",""
"1","HRA           "
"1",""
"1",":"
"1"," int  "
"1",""
"1","2 6 13 5 7 3 3 4 4 3"
"1",""
"1"," ..."
"1",""
"1","
"
"1"," "
"1",""
"1","$ "
"1",""
"1","BBA           "
"1",""
"1",":"
"1"," int  "
"1",""
"1","42 28 53 21 42 53 34 75 45 63"
"1",""
"1"," ..."
"1",""
"1","
"
"1"," "
"1",""
"1","$ "
"1",""
"1","SOA           "
"1",""
"1",":"
"1"," int  "
"1",""
"1","23 22 34 17 22 16 16 12 13 0"
"1",""
"1"," ..."
"1",""
"1","
"
"1"," "
"1",""
"1","$ "
"1",""
"1","E             "
"1",""
"1",":"
"1"," int  "
"1",""
"1","225 218 223 163 227 194 220 198 217 432"
"1",""
"1"," ..."
"1",""
"1","
"
"1"," "
"1",""
"1","$ "
"1",""
"1","DP            "
"1",""
"1",":"
"1"," int  "
"1",""
"1","NA NA NA NA NA NA NA NA NA NA"
"1",""
"1"," ..."
"1",""
"1","
"
"1"," "
"1",""
"1","$ "
"1",""
"1","FP            "
"1",""
"1",":"
"1"," num  "
"1",""
"1","0.838 0.829 0.814 0.803 0.839 0.845 0.821 0.845 0.85 0.829"
"1",""
"1"," ..."
"1",""
"1","
"
"1"," "
"1",""
"1","$ "
"1",""
"1","name          "
"1",""
"1",":"
"1"," chr  "
"1",""
"1","""Boston Red Stockings"" ""Chicago White Stockings"" ""Cleveland Forest Citys"" ""Fort Wayne Kekiongas"""
"1",""
"1"," ..."
"1",""
"1","
"
"1"," "
"1",""
"1","$ "
"1",""
"1","park          "
"1",""
"1",":"
"1"," chr  "
"1",""
"1","""South End Grounds I"" ""Union Base-Ball Grounds"" ""National Association Grounds"" ""Hamilton Field"""
"1",""
"1"," ..."
"1",""
"1","
"
"1"," "
"1",""
"1","$ "
"1",""
"1","attendance    "
"1",""
"1",":"
"1"," int  "
"1",""
"1","NA NA NA NA NA NA NA NA NA NA"
"1",""
"1"," ..."
"1",""
"1","
"
"1"," "
"1",""
"1","$ "
"1",""
"1","BPF           "
"1",""
"1",":"
"1"," int  "
"1",""
"1","103 104 96 101 90 102 97 101 94 106"
"1",""
"1"," ..."
"1",""
"1","
"
"1"," "
"1",""
"1","$ "
"1",""
"1","PPF           "
"1",""
"1",":"
"1"," int  "
"1",""
"1","98 102 100 107 88 98 99 100 98 102"
"1",""
"1"," ..."
"1",""
"1","
"
"1"," "
"1",""
"1","$ "
"1",""
"1","teamIDBR      "
"1",""
"1",":"
"1"," chr  "
"1",""
"1","""BOS"" ""CHI"" ""CLE"" ""KEK"""
"1",""
"1"," ..."
"1",""
"1","
"
"1"," "
"1",""
"1","$ "
"1",""
"1","teamIDlahman45"
"1",""
"1",":"
"1"," chr  "
"1",""
"1","""BS1"" ""CH1"" ""CL1"" ""FW1"""
"1",""
"1"," ..."
"1",""
"1","
"
"1"," "
"1",""
"1","$ "
"1",""
"1","teamIDretro   "
"1",""
"1",":"
"1"," chr  "
"1",""
"1","""BS1"" ""CH1"" ""CL1"" ""FW1"""
"1",""
"1"," ..."
"1",""
"1","
"
"2","
"
"2","TeamsFranchises:  data.frame
"
"1","'data.frame':	"
"1",""
"1","120"
"1",""
"1"," obs. of  "
"1",""
"1","4"
"1",""
"1"," variable"
"1",""
"1","s"
"1",""
"1",":"
"1",""
"1","
"
"1"," "
"1",""
"1","$ "
"1",""
"1","franchID  "
"1",""
"1",":"
"1"," Factor w/ 120 levels ""ALT"",""ANA"",""ARI"",..: "
"1",""
"1","1 2 3 4 5 6 7 8 9 10"
"1",""
"1"," ..."
"1",""
"1","
"
"1"," "
"1",""
"1","$ "
"1",""
"1","franchName"
"1",""
"1",":"
"1"," chr  "
"1",""
"1","""Altoona Mountain City"" ""Los Angeles Angels of Anaheim"" ""Arizona Diamondbacks"" ""Philadelphia Athletics"""
"1",""
"1"," ..."
"1",""
"1","
"
"1"," "
"1",""
"1","$ "
"1",""
"1","active    "
"1",""
"1",":"
"1"," chr  "
"1",""
"1","""N"" ""Y"" ""Y"" ""N"""
"1",""
"1"," ..."
"1",""
"1","
"
"1"," "
"1",""
"1","$ "
"1",""
"1","NAassoc   "
"1",""
"1",":"
"1"," chr  "
"1",""
"1","NA NA NA ""PNA"""
"1",""
"1"," ..."
"1",""
"1","
"
"2","
"
"2","TeamsHalf:  data.frame
"
"1","'data.frame':	"
"1",""
"1","52"
"1",""
"1"," obs. of  "
"1",""
"1","10"
"1",""
"1"," variable"
"1",""
"1","s"
"1",""
"1",":"
"1",""
"1","
"
"1"," "
"1",""
"1","$ "
"1",""
"1","yearID"
"1",""
"1",":"
"1"," int  "
"1",""
"1","1981 1981 1981 1981 1981 1981 1981 1981 1981 1981"
"1",""
"1"," ..."
"1",""
"1","
"
"1"," "
"1",""
"1","$ "
"1",""
"1","lgID  "
"1",""
"1",":"
"1"," Factor w/ 2 levels ""AL"",""NL"": "
"1",""
"1","2 2 1 1 1 1 1 1 1 1"
"1",""
"1"," ..."
"1",""
"1","
"
"1"," "
"1",""
"1","$ "
"1",""
"1","teamID"
"1",""
"1",":"
"1"," Factor w/ 26 levels ""ATL"",""BAL"",""BOS"",..: "
"1",""
"1","1 1 2 2 3 3 4 4 5 5"
"1",""
"1"," ..."
"1",""
"1","
"
"1"," "
"1",""
"1","$ "
"1",""
"1","Half  "
"1",""
"1",":"
"1"," int  "
"1",""
"1","1 2 1 2 1 2 1 2 1 2"
"1",""
"1"," ..."
"1",""
"1","
"
"1"," "
"1",""
"1","$ "
"1",""
"1","divID "
"1",""
"1",":"
"1"," chr  "
"1",""
"1","""W"" ""W"" ""E"" ""E"""
"1",""
"1"," ..."
"1",""
"1","
"
"1"," "
"1",""
"1","$ "
"1",""
"1","DivWin"
"1",""
"1",":"
"1"," chr  "
"1",""
"1","""N"" ""N"" ""N"" ""N"""
"1",""
"1"," ..."
"1",""
"1","
"
"1"," "
"1",""
"1","$ "
"1",""
"1","Rank  "
"1",""
"1",":"
"1"," int  "
"1",""
"1","4 5 2 4 5 2 4 6 3 6"
"1",""
"1"," ..."
"1",""
"1","
"
"1"," "
"1",""
"1","$ "
"1",""
"1","G     "
"1",""
"1",":"
"1"," int  "
"1",""
"1","54 52 54 51 56 52 60 50 53 53"
"1",""
"1"," ..."
"1",""
"1","
"
"1"," "
"1",""
"1","$ "
"1",""
"1","W     "
"1",""
"1",":"
"1"," int  "
"1",""
"1","25 25 31 28 30 29 31 20 31 23"
"1",""
"1"," ..."
"1",""
"1","
"
"1"," "
"1",""
"1","$ "
"1",""
"1","L     "
"1",""
"1",":"
"1"," int  "
"1",""
"1","29 27 23 23 26 23 29 30 22 30"
"1",""
"1"," ..."
"1",""
"1","
"
"2","
"
