"0","test(""datasummary"")
"
"2","Loading datasummary
"
"2","Testing datasummary
"
"1","âˆš | OK [31mF[39m [35mW[39m [34mS[39m | Context"
"1",""
"1","
"
"1",""
"1",""
"1","-"
"1",""
"1"," | "
"1",""
"1"," 1"
"1",""
"1"," "
"1",""
"1"," "
"1",""
"1"," "
"1",""
"1"," "
"1",""
"1"," "
"1",""
"1"," "
"1",""
"1"," | "
"1",""
"1","0"
"1",""
"1",""
"1","\"
"1",""
"1"," | "
"1",""
"1"," 2"
"1",""
"1"," "
"1",""
"1"," "
"1",""
"1"," "
"1",""
"1"," "
"1",""
"1"," "
"1",""
"1"," "
"1",""
"1"," | "
"1",""
"1","0"
"1",""
"1",""
"1","|"
"1",""
"1"," | "
"1",""
"1"," 3"
"1",""
"1"," "
"1",""
"1"," "
"1",""
"1"," "
"1",""
"1"," "
"1",""
"1"," "
"1",""
"1"," "
"1",""
"1"," | "
"1",""
"1","0"
"1",""
"1",""
"1","
"
"1","== [1mResults[22m ====================================================================="
"1",""
"1","
"
"1","[36mDuration: 0.2 s[39m"
"1",""
"1","
"
"1",""
"1",""
"1","
"
"1","OK:       [32m3[39m"
"1",""
"1","
"
"1","Failed:   [32m0[39m"
"1",""
"1","
"
"1","Warnings: [32m0[39m"
"1",""
"1","
"
"1","Skipped:  [32m0[39m"
"1",""
"1","
"
