"0","# Replace all the ""A""s in the sequences with a ""_""
str_replace_all(genes, pattern = fixed(""A""), ""_"")
"
"1","[1]"
"1"," ""TT_G_GT___TT__TCC__TCTTTG_CCC___TCTCTGCTGG_TCCTCTGGT_TTTC_TGTTGG_TG_CGTC__TTTCT__T_TTTC_CCC__CCGTTG_GC_CCTTGTGCG_TC__TTGTTG_TCC_GTTTT_TG_TTGC_CCGC_G___GTGTC_T_TTCTG_GCTGCCT___CC__CCGCCCC___GCGT_CTTGGG_T___TC_GGCTTTTGTTGTTCG_TCTGTTCT__T__TGGCTGC__GTT_TC_GGT_G_TCCCCGGC_CC_TG_GTGG_TGTC_CG_TT__CC_C_GGCC_TTC_GCGT__GTTCGTCC__CTCTGGGCC_TG__GT_TTTCTGT_G____CCC_GCTTCTTCT__TTT_TCCGCT___TGTTC_GC__C_T_TTC_GC_CT_CC__GCGT_CTGCC_CTT_TC__CGTT_TGTC_GCC_T""                                                                                                                                                                                                                                                                                                                                                                                                                                                                                                                                                                        "
"1","
"
"1","[2]"
"1"," ""TT__GG__CG_TCGT_CGC_TG_T_GGGTTTTGC_GTG_T_TT_GTGTCTCGGTTG_CTGG_TCTC_TC__T_GTCTGG_TTTTGTTG_T__GT_CCTGCTGC__TGC_TC__TGG_TTT_C_C_TC_CTTT__T___T_TGCTGT_GTGGCC_GTGGTGT__T_GGCCTC__CC_CTTCTTCT__GCTTTCC__TTTTTTC__GGCGG__GGGT__TCTTTGGC_CTTTTC__G_TT_TGCC__T___GC_GC___CGTCGT__CCC_GTTGTTTTGGGTT__CGTGT_C_C__GCTGCGGT__TG_TCCCTGCTTGCCGC_TCTTTTCT_CTCTT_C_TG__T_GTTCCGGGGCT__C_GCG_GGTTTTTGGCT__TTC_GC_T_GGGTGTGCGTGC_TTTTCC_TT__TGCTTTC_GG_TGCTGCG_TCG_G_TT_TCG_TCTG_T___TTTC_CTC_T""                                                                                                                                                                                                                                                                                                                                                                                                                                                                                                                                                   "
"1","
"
"1","[3]"
"1"," ""_TG______C__TTT_TCC_____C__C__C___TC_GCTTCGT____TC_TTCTTTTCCCGCC__TT_G_GC__C__CTTGGCTTG_TCG__GTCC_GGCTCCT_TTTTG_GCCGTGTGGGTG_TGG__CCC__G_T__CCTTTCTGGTTCTG_G___GCGGT_C_GGT____GTT__GTC_TTGCCGG_TTC__CTTTTG__GTTGT_C_TTC_TT_GCG__GTGG___CGT____CCTT_GGGCGTTTTG_TTTTGGTGCTG_CC__GGGGTGT_T_CCC_T_TG___GC_TTGCGCCC_G_TG__G_TCGCCTG_GTGCT_TTC_TTCTGT_T_TGT_G_TC_GTGGG_TTGGG__CGGGTT_TGGGGG_CGGTG__CGT__CCTGGCTT_CCTG___TCG_CTGTT__C__G_TTT_TGC_GCG_TT___G___CTG__GCGGCG_TC_GTGCTG_GTTTGGTGTG__GCCTTTCCTGCCGG_TC_T_TTC_GTTT_TCC_C_GTG___GCCTGCGGGCC_G_TTCCCTG_TTT_G_TGCT___GGCCGTG__CGTGC__TTGCC___G_GTT_GGTGCTGTCTTCCTT_T_GGG_TTGGTGGC___TTGGC_G_TGGTC__TCCC_TG_TGTTCGTGCGCC_G_TT_TG_TG_TTGG_CCTCTCCG_GTGCGG__GGTTTCTCTGG_TT___CGGCG_C_TT_TTGTCTGG__CCC__T_TTGG__G_TGCCTTTG_G_T_TCTTCT_TGGG__TTCGTGTTG_TGCCG__GCTCTT__GCGTC_GTT_GCCCTG_CTGGCG_TG__G_CCGCTTGG__CTGG__TGGC_TC__TC_CTGTTGCGCGGTG___TGCC_C___CT_TCGGGGG_GGT_TTGGTC_GTCCCGCTT_GTG_TGTT_TTGCTGC_G___C__C_T_TTGGTC_GGTGC__TGTGGTGTTTGGGGCCCTG___TC_GCG_G___GTTG_TGGCCTGCTGT__"""
"1","
"
